-- phpMyAdmin SQL Dump
-- version 5.2.0
-- https://www.phpmyadmin.net/
--
-- Servidor: localhost:3306
-- Tiempo de generación: 21-06-2025 a las 14:30:13
-- Versión del servidor: 10.4.25-MariaDB
-- Versión de PHP: 8.1.10

SET SQL_MODE = "NO_AUTO_VALUE_ON_ZERO";
START TRANSACTION;
SET time_zone = "+00:00";


/*!40101 SET @OLD_CHARACTER_SET_CLIENT=@@CHARACTER_SET_CLIENT */;
/*!40101 SET @OLD_CHARACTER_SET_RESULTS=@@CHARACTER_SET_RESULTS */;
/*!40101 SET @OLD_COLLATION_CONNECTION=@@COLLATION_CONNECTION */;
/*!40101 SET NAMES utf8mb4 */;

--
-- Base de datos: `tesoreria`
--

-- --------------------------------------------------------

--
-- Estructura de tabla para la tabla `bancos`
--

CREATE TABLE `bancos` (
  `Id` int(11) NOT NULL,
  `Nombre` varchar(255) NOT NULL
) ENGINE=InnoDB DEFAULT CHARSET=latin1;

--
-- Volcado de datos para la tabla `bancos`
--

INSERT INTO `bancos` (`Id`, `Nombre`) VALUES
(1, 'BEAC'),
(2, 'BANGE'),
(3, 'SGBGE'),
(4, 'ECOBANK'),
(5, 'BGFI');

-- --------------------------------------------------------

--
-- Estructura de tabla para la tabla `decretos`
--

CREATE TABLE `decretos` (
  `Id` int(20) NOT NULL,
  `Descripcion` text DEFAULT NULL,
  `Fecha` date DEFAULT NULL,
  `Archivo` varchar(15) DEFAULT NULL,
  `DocEntrada` int(10) DEFAULT NULL
) ENGINE=InnoDB DEFAULT CHARSET=utf8mb4;

--
-- Volcado de datos para la tabla `decretos`
--

INSERT INTO `decretos` (`Id`, `Descripcion`, `Fecha`, `Archivo`, `DocEntrada`) VALUES
(1, '<p>Se decreto que se envie copias a los siguientes miembros</p>\r\n', '2023-12-04', 'bd.pdf', 1),
(2, '<p>Se decreto que se envie copias a los siguientes miembros</p>\r\n', '2023-12-04', 'bd.pdf', 1),
(3, '<p>Se decreto que se envie copias a los siguientes miembros</p>\r\n', '2023-12-04', 'bd.pdf', 1),
(4, '<p>Se decreto que se envie copias a los siguientes miembros</p>\r\n', '2023-12-04', 'bd.pdf', 1),
(5, '<p>Se decreto que se envie copias a los siguientes miembros</p>\r\n', '2023-12-04', 'bd.pdf', 1),
(6, '<p>Se decreto que se envie copias a los siguientes miembros</p>\r\n', '2023-12-04', 'bd.pdf', 1);

-- --------------------------------------------------------

--
-- Estructura de tabla para la tabla `departementos`
--

CREATE TABLE `departementos` (
  `Id` int(4) NOT NULL,
  `Nombre` varchar(80) NOT NULL,
  `Telefono` varchar(15) DEFAULT NULL,
  `Email` varchar(100) DEFAULT NULL,
  `Institucion` int(3) DEFAULT NULL
) ENGINE=InnoDB DEFAULT CHARSET=utf8mb4;

--
-- Volcado de datos para la tabla `departementos`
--

INSERT INTO `departementos` (`Id`, `Nombre`, `Telefono`, `Email`, `Institucion`) VALUES
(1, 'Infomatica', '333000000', 'informatica@tge.com', 1),
(2, 'RRHH', '555092156', 'recursoshumanos@gmail.com', 1),
(3, 'Estadisticas', '333597412', 'inege@info.com', 3),
(4, 'Investigaciones Científicas', '333659874', 'unge@info.com', 2),
(5, 'Contabilidad', '333888999', 'tge@info.com', 1),
(6, 'Medios de Pago', '333598745', 'tge@info.com', 1),
(7, 'Misiones Diplomaticas', '333569874', 'tge@info.com', 1),
(8, 'Auditoria', '333789632', 'tge@info.com', 1),
(9, 'Admisitración', '333598741', 'tge@info.com', 1),
(10, 'Gabinete', '333000147', 'tge@info.com', 1),
(11, 'Archivo', '333987452', 'tge@info.com', 1),
(12, 'Caja de Valores', '3334597852', 'tge@info.com', 1),
(13, 'Recursos Humanos', '333222888', 'tge@info.com', 1),
(14, 'Inversiones', '333789123', 'tge@info.com', 1);

-- --------------------------------------------------------

--
-- Estructura de tabla para la tabla `destino`
--

CREATE TABLE `destino` (
  `Id` int(15) NOT NULL,
  `Miembro` int(4) DEFAULT NULL,
  `Decreto` int(20) DEFAULT NULL
) ENGINE=InnoDB DEFAULT CHARSET=utf8mb4;

--
-- Volcado de datos para la tabla `destino`
--

INSERT INTO `destino` (`Id`, `Miembro`, `Decreto`) VALUES
(1, 1, 1),
(2, 3, 2),
(3, 6, 3),
(4, 1, 4),
(5, 4, 5),
(6, 7, 6);

-- --------------------------------------------------------

--
-- Estructura de tabla para la tabla `entradas`
--

CREATE TABLE `entradas` (
  `Id` int(10) NOT NULL,
  `NumRegistro` varchar(8) DEFAULT NULL,
  `FechaRegistro` date DEFAULT NULL,
  `TipoDoc` varchar(50) DEFAULT NULL,
  `Archivo` varchar(15) DEFAULT NULL,
  `Descripcion` text DEFAULT NULL,
  `PalabrasClaves` text DEFAULT NULL,
  `FechaFirma` date DEFAULT NULL,
  `Importe` varchar(20) DEFAULT NULL,
  `Referencia` int(5) DEFAULT NULL,
  `Usuario` int(3) DEFAULT NULL
) ENGINE=InnoDB DEFAULT CHARSET=utf8mb4;

--
-- Volcado de datos para la tabla `entradas`
--

INSERT INTO `entradas` (`Id`, `NumRegistro`, `FechaRegistro`, `TipoDoc`, `Archivo`, `Descripcion`, `PalabrasClaves`, `FechaFirma`, `Importe`, `Referencia`, `Usuario`) VALUES
(1, '1-2023', '2023-12-04', 'carta de presentacion', 'bd.pdf', '<p>documento de prueba</p>\r\n', 'DP', '2023-12-01', '5000', 2, 2);

-- --------------------------------------------------------

--
-- Estructura de tabla para la tabla `instituciones`
--

CREATE TABLE `instituciones` (
  `Id` int(5) NOT NULL,
  `Nombre` varchar(100) DEFAULT NULL,
  `Nombre_Corto` varchar(10) DEFAULT NULL
) ENGINE=InnoDB DEFAULT CHARSET=utf8mb4;

--
-- Volcado de datos para la tabla `instituciones`
--

INSERT INTO `instituciones` (`Id`, `Nombre`, `Nombre_Corto`) VALUES
(1, 'Tesoreria General del Estado', 'TGE'),
(2, 'Universidad Nacional de Guinea Ecuatorial', 'UNGE'),
(3, 'Instituto Nacional de Estadisticas de Guinea Ecuatorial', 'INEGE');

-- --------------------------------------------------------

--
-- Estructura de tabla para la tabla `ir`
--

CREATE TABLE `ir` (
  `Id` int(10) NOT NULL,
  `Salida` int(10) DEFAULT NULL,
  `Seccion` int(4) DEFAULT NULL
) ENGINE=InnoDB DEFAULT CHARSET=utf8mb4;

-- --------------------------------------------------------

--
-- Estructura de tabla para la tabla `miembros`
--

CREATE TABLE `miembros` (
  `Id` int(4) NOT NULL,
  `Nombre` varchar(60) DEFAULT NULL,
  `Dpto` int(4) DEFAULT NULL
) ENGINE=InnoDB DEFAULT CHARSET=utf8mb4;

--
-- Volcado de datos para la tabla `miembros`
--

INSERT INTO `miembros` (`Id`, `Nombre`, `Dpto`) VALUES
(1, 'Secretario de Estado', 2),
(2, 'Tesorera Pagadora', 1),
(3, 'Director General de la Caja Autónoma', 6),
(4, 'Director General de Patrimonio y Entidades', 1),
(5, 'Cajero General', 1),
(6, 'Interventor', 1),
(7, 'Secretario General', 1);

-- --------------------------------------------------------

--
-- Estructura de tabla para la tabla `pagos`
--

CREATE TABLE `pagos` (
  `Id` int(11) NOT NULL,
  `NumRegistro` varchar(10) NOT NULL,
  `Concepto` varchar(255) NOT NULL,
  `Descripcion` text NOT NULL,
  `FechaFirma` date NOT NULL,
  `Cantidad` float NOT NULL,
  `Archivo` varchar(255) NOT NULL,
  `Usuario` int(11) NOT NULL,
  `Beneficiario` varchar(255) NOT NULL,
  `Banco` int(11) NOT NULL
) ENGINE=InnoDB DEFAULT CHARSET=latin1;

--
-- Volcado de datos para la tabla `pagos`
--

INSERT INTO `pagos` (`Id`, `NumRegistro`, `Concepto`, `Descripcion`, `FechaFirma`, `Cantidad`, `Archivo`, `Usuario`, `Beneficiario`, `Banco`) VALUES
(2, '1-2023', 'Pago de la factura del sistema', '<p>se realiza este pago por el concepto de la factura de una pagina web al sr. SALVADOR METE Bijeri</p>\r\n', '2023-12-14', 6000000, 'FACTURA-PROFORMA.pdf', 2, 'SALVADOR METE', 1),
(3, '3-2023', 'pago de los trabajadores', '<p>hola este es el salario</p>\r\n', '2023-12-14', 8000000, 'FACTURA-PROFORMA_4.pdf', 2, 'ribertya mangue', 3);

-- --------------------------------------------------------

--
-- Estructura de tabla para la tabla `personafisica`
--

CREATE TABLE `personafisica` (
  `Id` int(20) NOT NULL,
  `NombreCompleto` varchar(200) DEFAULT NULL,
  `Entrada` int(10) DEFAULT NULL,
  `Salida` int(10) DEFAULT NULL,
  `Decreto` int(20) DEFAULT NULL
) ENGINE=InnoDB DEFAULT CHARSET=utf8mb4;

--
-- Volcado de datos para la tabla `personafisica`
--

INSERT INTO `personafisica` (`Id`, `NombreCompleto`, `Entrada`, `Salida`, `Decreto`) VALUES
(1, 'Salvador Mete bijeri', 1, NULL, NULL),
(2, 'Carlos ab malabo', NULL, 1, NULL);

-- --------------------------------------------------------

--
-- Estructura de tabla para la tabla `proviene`
--

CREATE TABLE `proviene` (
  `Id` int(10) NOT NULL,
  `Entrada` int(10) DEFAULT NULL,
  `Seccion` int(4) DEFAULT NULL
) ENGINE=InnoDB DEFAULT CHARSET=utf8mb4;

-- --------------------------------------------------------

--
-- Estructura de tabla para la tabla `referencias`
--

CREATE TABLE `referencias` (
  `Id` int(5) NOT NULL,
  `Nombre` varchar(100) DEFAULT NULL,
  `Codigo` varchar(10) DEFAULT NULL
) ENGINE=InnoDB DEFAULT CHARSET=utf8mb4;

--
-- Volcado de datos para la tabla `referencias`
--

INSERT INTO `referencias` (`Id`, `Nombre`, `Codigo`) VALUES
(1, 'Gabinete del Gobierno', 'A1'),
(2, 'Justiacia', 'A2'),
(3, 'Referencia de Prueba', 'A3');

-- --------------------------------------------------------

--
-- Estructura de tabla para la tabla `salidas`
--

CREATE TABLE `salidas` (
  `Id` int(10) NOT NULL,
  `NumRegistro` varchar(8) DEFAULT NULL,
  `FechaRegistro` date DEFAULT NULL,
  `TipoDoc` varchar(50) DEFAULT NULL,
  `Archivo` varchar(15) DEFAULT NULL,
  `Descripcion` text DEFAULT NULL,
  `PalabrasClaves` text DEFAULT NULL,
  `FechaFirma` date DEFAULT NULL,
  `Importe` varchar(20) DEFAULT NULL,
  `Entrada` varchar(20) NOT NULL,
  `Referencia` int(5) DEFAULT NULL,
  `Usuario` int(3) DEFAULT NULL
) ENGINE=InnoDB DEFAULT CHARSET=utf8mb4;

--
-- Volcado de datos para la tabla `salidas`
--

INSERT INTO `salidas` (`Id`, `NumRegistro`, `FechaRegistro`, `TipoDoc`, `Archivo`, `Descripcion`, `PalabrasClaves`, `FechaFirma`, `Importe`, `Entrada`, `Referencia`, `Usuario`) VALUES
(1, '1-2023', '2023-12-04', 'Informe para la UNGE', 'bd.pdf', '<p>Se tienen que revisar algunos departamentos.</p>\r\n', 'STV', '2023-11-10', '90000', '1-2023', 3, 2);

-- --------------------------------------------------------

--
-- Estructura de tabla para la tabla `usuarios`
--

CREATE TABLE `usuarios` (
  `Id` int(5) NOT NULL,
  `Nombre` varchar(50) DEFAULT NULL,
  `Pass` varchar(100) DEFAULT NULL,
  `Foto` blob DEFAULT NULL,
  `Dpto` int(4) DEFAULT NULL,
  `Tipo_Usuario` varchar(15) DEFAULT NULL
) ENGINE=InnoDB DEFAULT CHARSET=utf8mb4;

--
-- Volcado de datos para la tabla `usuarios`
--

INSERT INTO `usuarios` (`Id`, `Nombre`, `Pass`, `Foto`, `Dpto`, `Tipo_Usuario`) VALUES
(1, 'Admin', '$2y$10$ErD93tz4pHZ9kV0MgltuE.Mvmlhh172FAN4la9vZQkG/172v1qSz.', 0x89504e470d0a1a0a0000000d494844520000039800000398040300000042e6418e00000024504c544594d9f8eed9b400aeef8b5e3bdcc5a1e6e6e6fffffff03e6cbb9e82322013bae2f27d9abc4ef5142d000020004944415478daecddcd6edb481207f006666d0ce8cb36c404c23e458c9683c6e64488368c3929704218396931a661e82956a01ce83108ecc487dd4b80bce04aa2644be2874876355945569de69f1904907f53cdfe60cbe231a9f06b521c0947c13f09c6e4c8981c19932363322647c6e4c8981c19932363322647c6e4c8981c1993e31a73fb27c1f68f38128e8cc9981c1993236372644cc6e4c8981c1993236372644cc6e4c8981c1993236372dc60f261201f4e73644c8e8cc991311993236372644c8e8cc9913119932363b61d8f8b31e9c6d05d2ea34829a5b55e2e97be5cef44872163528aab7ff8ec2fd78ae95afaef18934a5cf5de97a52a2ebd08ba8bd9a503bdf03652656a711d3cf2e134deb8921c96934c6ace9868e3e3e75b55b196d78c89313e7ead4cb9a96bc6c41797aa66e979103226a6f8459954c2c99828e243a40c6b9e2c6a18b3f53854e6a5af1f19b3fdf8a0606ac9986d4790b6dc36e70d63b619833052803562cc16b77cbe805a6e9b9331db88c1bd02af67c66c2586b7ca42e9ed1602633619c3b1b253d78fa431499ee0d9b2dc9da6f0e1746331b467b99dd5326653318c94cdd2016336162d5b6e3419b399f868db7255378cd9480cc6aa81ba0e19b381f7ef06aa917a0e19d376b4b1ef53a4c998f6e26363965b4dc6b4171f946a569331edc54835acc998d6e258a9863519d3567c524dd733635a8a0faaf9ba614c3b316a015305b430891cd90563d54a057c380d1e83fb762c950e1813fcd502d5568d1e191336b635c8aeeb2a644cd0f8a45aace790312163d426a6ba614cc0f867ab969b17491813283ea8966bc4986071dc36a6face9840f149b55f378c0913230498da0b181320fea970947ebfdb0d65ccba3154686af4ee91318de29d42548b2064ccfa3154a84aafdfa8c58b89fcddca814256377c385d373e2874f5cc98355f941de3c354578f8c89fe45d94a479c8c5939dea1c4447b13053566a814664dc6ac12efb062aa1bc6ac1a15de0a1813fb2bec1526410163568a11624c94d78a1063626ecc55bd67cc0a718c1b53878c593afe4b21af67c62c1defb0636ac62c1d15fafa880e13eb79e63d7ecce48a181f4e9fbef61511c0bc0a19b34c7c50148a3bb354bc238179153266891891c0d4dc9925e293a2511f19f374bc2382a943c63c191595face98a7e21319cc51c89827e21d194cc59d792ad2b15c4d811813f755e94a5320c62c8c844659545f5f811233a28479c59885bf469a92e5ebb126df02cb8ca446d9f5cb407c389d1b838816e647c62c88b42c375b7a8c99139f88612aeeccdcd8e63758d6de9f65cc1c4c6a96ebfd59c6cc8e0fe4301563e6c53b7a98378c991de93d32778b13c64c477a96db872663a622c147e67671c298a9784711f33d6366458a8fcced4393315398142d938726631ec79024a6468289ec3cf38924a6e2c3e9ac784713f3863133624413f3236366449a96ea9231d3f18128a666cc7424fac8dccc8018f330d2dc32d8ce8018f30833a28af991315351316667309fc8628e18f338fe872ca666cca318ff46165331e6618c454417f38631f7632c045dcbd50c8831dfe244880bc6ecc62db0a910e277c2982304df258c0573b6b21484e73f28be181a09e6b7b5a5f845185331e63626969427b34af13b40db9858529ecc2af59d31c36481b9a90bc6a48fb9b5243d994dde1c61ccc9d692f46456a97f3266b89bfc90c7fcf0c2986f96ed4c66f502e82ffa245e7a8ff966d9ca6456cbf740ff0f6921fa8e19b78b39975242fd5d4238fdc69cec59b6b03259ac2c8770981bcdde62cef62c5b5899acfb520ea0feb69fabcff0d25fcc03cbe627b31b4b194162ae34fb7a0b4cb48a9958828db2eadf9b4fd1d7c3e9f810f3571b96efc6700bcdcda770fa893939b4146d58c2cd657798e2bc8f98df449b98ded672008eb9dd3be81766dc26e6ae2fe1a63f6f984eff305396172df4a584fc95ab9fc481668f3067c7964d2e335ffb12b231df309381b63f9861cad26c65b25c55f5be942ee836af38d0ec0f660c88a997bef43ce9b9b7552d21a73fc97edede40db1bcc69dab2f63273213d3f29afd49a51ee55640973bd3ee90be62cc3b2e66476e1b9fe6b951835f55e5fc28eb20798ab81b62f983118e63ee5aa35abf525e0565e0a53f40573228030b5e71fd4491c7d6029c7b0983ff73fce593f303307d93a985a1e5afae36a96e51f99a3ea98e2472f30b32dabef192cdc23cb538fc0d19165e97dd951b91e3ec4147db805166763fe6e6c796a329bb294a54700f9a5fc19d8db40dbfdc3e99c41b6f232336d797bfa1591c3724b5b961b918f30938da04e63c630980096253b3359cc9499f87e38fe4c5dc79c0a10cc51cad22fbded5311b3fc64298579d66dccbc41b6e206903eb6f4fda8f45641254c5de1e03385d9f4fb5d0d63c6b9985576d68ed797a7263f399625ba4d57914f633a5dc6cc1d64ab2d335396c5ab9285f4b33187aac262665003539c771733142098f39465d176815e6ff965639e9ace2eaaedfd65608aa0b3983108e628fdc0f472074cbdd86c136563ca2a83f3bba80ea6d355cc9980c0d47e46e51e5a6f476459bd358ff7fe4e8fb35998bb5dbdce6116595e980cb279980bcf750b31f3c7ceac39532d4cd14dcc290866c6209b33cc2ef7cec7f230e56df92d86931bb4d998675dc42c9afd94df9ad5599619b359edcbfdff321733b33717f5e64b9fb23fda8f0e62c68598bf990cb2abbaddefcde5c23f3a1dcbc7946e949a32e55554a73385d33dcc6f020273e4e6607ad25f46918a96cb959c9bfaaf0a30e53bb92c23797a0a94d399c940dba95b60020253fb05e56efacccbfc77b2b83e6fc6646ffd0f45e5d6c3145d3b9c9e82605efa354bc254540ff3bc5b98e109cb72fbecda6d1973500f53049dc29c8060cefd9631654d4ca74b98b35396a50e4dea37261866540fb3a1d7689bc18c4130eb372618e6a026a6d31dcce9494b61b22c691053d6c414e79dc18c41303d1f016654ee1a58ee162d79cc128d29ec36261ce6a06667eeb668c9630a104cdfc780f9b92ea6e806e61404d3a831e1308bc6d962ccb32e607e1520981e8ece2c1a678b3193d313e2987119cb0b8b6b4c58cc616dccb30e600a10ccb98f0453d6c6dcb4266dcc1804d3b0312131c7b5311deab7c0c25296275f34306c4c48ccfbda98d65f70b78d1983606a1f0fa65bf54d83e65e70b78c392b6779ea38f3121166fee2e46467dafe365acb98310ca68f097350bb3357ad4918b36c639ec01cb9983087f531c50b61cc1806738eaa33a501a64317b3746316636a1717e6b83ea6dddb0a563163184ce3e90f30e6c000d3a18a59be318b313d6498f70698bbd6248759be310bdfe7329ffe00634a134c87266685c62cec4cf3e90f34e6d800d3e6d5138b98151ab3a83301a63fd09803134c8724a680c11cf9e830872698496b12c38c8130e7f83065b96fe82a6a4d6298020613649405c6ccf97a83929db9694d5ab7c0a6953023bba32c74670eca7caba568fc1e912dcc500075a68f11736832cc6ece354961566bccfcce841965a1315da3ce5cb726294c01d49923949d997da6591a53d0c2acd898f99de911c22cff71cf49610aa0ce041a65c1310766988212e64c007526d0280b8e3934c47c21841943617a4831a521a6a08359b931736f27b85dc5fc4106b37263e67526d4280b8e99f5abaa75950fec90c114509d39c78a993503fa24aa8fb3f831a702aa337db49843534c8708a680ea4ca88589054cd71453d0c0fc26a03af3126f67cafa8726f66ef859c01460983e62ccc814d3a1700b6c0687e922c61c9b626e7ebb14f6c3e9180c7384b93307c6980e01cc3a96d97bb373cc98f7c698ebaf47448e3915609de963c6740d4ec0de8e3591630ab0ce845b98d8c094f55f34d83bd6c48d3913609d3942dd99e9e96ce5ce5cb5266ecc18ae33e7b831c726fbec76eede02638602ae337ddc9803734ce8bbb7c0985301d699908f4c1b984300cc73d498020e7384bc335db3add9a43063ce0031e7c8312504e61962cc1810d3ef03a68317b3eef4270b13f4916903f3f8c2c9875a1ffc075accbad31fe1fcb2fbc8b4d2996308cc33b498b51b33e3e6f41c3de600025360bd05f64d000eb33e7acca1e96edeeb4118c6c3e9096067c23e329bc0fc59f30983145300628ef077a60b82297062ce20312ff1634ae30da0d7abb7f8306348cc796f301d94980212d3c58f79b8d0d4b53ffb0b42cc2924a6268079b8d0fc244cc6596c982696a9aff5069effd8c11cc0600a7c983350cc4b72981f84c9388b0cd368944dfd2a0c9f02e63d10a6830e538062ba143087001b40a0df5701853903c5d4243025c49e4132cee2c29c9861fecfeefca7014c934fef20c314866577fe831c53e0c29cc162fa343023883d83cd5213d52db0b89798639065e6ebd10996c369a34ff2d71f7fc476e73fb631f572f15fb3711611a6c9f4e7afcd4f1bf6f7b83584b9db35d09fd7c9e487708e08d36094fddbe687edd99dffd8c64c626c3ccea2c034b53ceacc3911cce121a63468cd000da6c100b3fd617b76e73f963147dbfc77d3711603666cdc989ed5cdbca63ad360a075d0601a37e621a6a682e91e75a6496b064830eb1f98389998239f18e6e5eb9f188eb308302786cb9263cc4b2a9832856938ce22c0341f657d2fb23a99b58c79f5fa07ff30db37681f136094f5fdc8ea64d632e65c028db3ed634e8ce7b2479de952c1dcbd9f0782e9a0c014e68fcc83ced46430651a736234ceb68e390378641e74a6a633cc8e539866fb06addf029b40635e92c3f424c40cc8417038fd7ff6eea0376d658b03f8e809587805022a9ae5fd0691ba489756e813f7ada82aa28a15919a2cf81651599065952e9a9d17493ee7034252c0061fcf9c3373cef8f86d9eaeeeb506fff21f9f99b1c706a3fe195e9216b35498dd1ca6cbfc6c784c8797321bc59855807ac898fd7edf02b38383f91c1c731c08b3d35bf5cccbb4878ab93ae7c5c20dd3611dac191cd3a014b3c36ec5914967f4b839163d3cccaf979b533ea460cc6fa8984632e6b010133432495faffbeaf8d443c3bcdf9ef2e1aedab2c9c5ee3f6abbf4b38131c74898a34ad3ece9e0f1fdb8c3c2ecbe9ff2211066333066868439a83432e97dfe8bf990e2607eff7bcac7df61304d604c839e4c40d2d27f772efce3790f05f37ef79c6915ccf3dd7f742617736ad09309c0ec3dee1d2906e6b7bd53fea9b2a08987d90a8ae9d2cb26c5985583b98a2606e6fdc11f4810cc240ecc61859149ba7fdd1f1f7aee98df0fcef9abc21ad87ef18bf13074104ca75eb65188091899740f2e3ca0a02d55f978f8075221997768c9dceed71506d3e945bee2647eaadccbae62e48ef939f707122499ad8098195a32d30a98b90b5fdecf9646ecf1d1aa9fcd4d0039622601df0233f898e5d5cc2077e11f9d93f92d77ca3f4130b7fbcf86589c9e2362fe048f4cba79cc7357cc7ff3e7843f6ab0bfeee286d90c86393378f74c3866c185ffe588d9ff9c3fe71d14f362bfc376c34c82611a82645adc32577d62cf31998f0569b7c374ab66b79b09cbc3dc4fe625749899165cf80747cc5ec1397f41313f61de335f6f9a0130c798985de830b3e8c23f3a627e2b38e51f28e6396a329b813033c7761762da14b3e5e52c78f5abe2b4c1650ed3359949204c83893970189994cf01559cff0163fecccd19b826d384c19ca2628ea0985d02cc7f8bce094d2632663308e6982299777698e76e98f72e98fb0b2c6d9998192ae6302066df09b3838b6982601a0acca1bc64c680e97ccbdc7bd4f26d72561ee60536663300e61817733b9fd713877930679089c4746f75c17cde454f5635dbcd0d33dd2f8b09f01698c1c57c4de6c550dcd00477cee0f5193ddf8bd3736ccccd1410e0f9748a49836fb69306ddc361260666cb3be60ca1d5059880079a3d4de7fd0162a6b873064130336ccc01f071f69460a2fd7bc1297f07c334de310d36e608fa38fb67464b6097f8c3ccf54dd333e61ca3d17b63931e14b3601cf13bd4e274177f9869ec77f9b6c59ca1636ea68016807be6478267800afe40521826fa303300264aa3f38f41435ecf1b542f664b313f5a3ed0d5251899bc3d3be20f13a5cdf947ba406fce56af7f4a310776f54f1c98739c461f4e01c1de9abeaffc3c57f913ed76b7cc15e61de68396fb0f5cfac29ce163ae1fe9826dced5ad7ccb2cc7bcb7ba65ae3053fcfac7376686d3e8a7835903d8e65cb93e3175c7fc66f5e2d00ab3438169bc6222b5b97130d0846d1b7cd8cf96f7b280f733ad7ad9cee505c52dd32fe60d05e600bc077497e065db8f16b5ec2a994498cf1e3167588d3ec0046e9bb7ff021e209800ccfd49a05f5f81c93ca7a87fde6e9a7ede02cb283087f03d10bbd55eb5056d50f1b1fa1d7395cc73925ba6e5c714ec30b1dabc5701a5f03d10778bcfdf3d1cccddb89f43312feff0e77f5ee7da056236f6079ae00d2dff6e0404da060882d91fbc9ff3137837c4cb9408f3ca1be61cadcdc9fe407301c54cdf346196a064f607d5f68dd960d2d43f965fc6b0c29ce1357a1f13be816cdafbb9e27cb8006e6b09ddd472b3735e855d4a4734b7cc5505e40d13af3739d8d9b2caeeec9dde68d1e9e0ee37dbef0cd34a1bce2e897a59bbcf9c5861e2b579efa639a8f8dd840efc5f27da09ba3324ea65ed3e7362837983d9e8dd29208aef26d062e23f32f276bc78c29c61367ab79f158ed9c6bc2e2d4f986343d4cf2e87a23133cceb9278c2446df4eef7306463a2f6b256dfacb1c13444988487b85ed617e61cb7d18d5830713b2c9b0f105960ce8cbc68caeb653d618e915bfd140726722fbbae803cbc0586dc682ffdac074ceccb62bc2c4ea3b73a0accb648cca911184d81c1b4f89a5475ccb111184d71e58f27cccc088ca6c0609a4426a6118f49104c8befbc55c7a46876433aa69189392569f7936ccc36c9456992638e49da6d44639e19c53cfa6497344c43744dc83133a29637e4626662318d91a829d1b2fa1718ab624ec95a4edad3d2517ea1bb206f5f069388b9f6a42a6b890a9f84f46a54fe9c6655cc316df385611a669815d733a9311b9230dbc41723215e9cce14d31fa621c6348ae911f39914734eddfc4412e6583143cceb491b61be2f695262ce14937e1acf17e658317d621a524ca3988a197ad680c4b24f7f359e0931e78ae97102483e6643317315100de64c317dce19d0628e15d32fa621c4348ae973ce403ca651cc5c0544f216d88d62fa1d666e1f3620599c9e2ba66fcc1619e64c311533fcac81d061e676db3512cc4c317d631a324c2fad6f48c16c2ba662562f672930bd14b3340f8e481d662a6654982d224c2fc52ccdd844eac8e4754b680accb162fac74c883033c5f48f6988303db5fe4906e69962061a9b08c67c21c19c2ba6ff6166354cf87ae6d453eb1319989ecac1f59323048bd363c5f43fcc948e696460faba1a090966a6988aa9986e0709a6b7d63f49c03c53cc506313b92393f5037af89853c5544c166313b92393f5d8041f73ac988ac9a29c155cccaec626f89899622a268bb189e091c96a6c828fe9b1f50dfe986dc5544cabb109fe5b608a19a69835e6057d717aeeb1f54631778f9662d2621ad19833c50c85d9948dd9e08ee9b3fe79df43180f33534cc5544c8c154d644cafad4fb863668a19ae02925cff28665498cfc898377e9bffc41bf34c36e6dc6ff31bbc31fdd63f6f034d34cc99622a269372567431fb36d0544c124cc31413b856e6f96fd128e62e26f2e2b46fcc27ce989e8b59638463363863b685631ac5544c261590e862f6ede3d362310d674cef17e3051573aa9821315bc2311b7c31dbc231c78aa9985c2a20d9f58f784cc317d3ffb5682a2611e699ff6b91a062faef59706f9a8aa9984cea1ff998862b66886b81fa16580c9869ee7f52ea9fedf379588bd3217e805d3f5b4cf4b5e09888b965d616f3cb2df81073cbdc3e9f2719d3b29f055b5ecbe9655131a78230af6831fb8ae9b19ffd6f84bdecebc396a231eda299d2621ac5b43b9e286f9ad7726a595cccb189af9f953363100726693f2ba9978d02b34157cf5e0b2a7fb6cfb40bc73474fdaca860a26266a17e04590924aafc892499095534bf4a2a7f224926550974232b98504cd07a66384cbb687ea009663bd86530888bd3e13069a2292d98b1603628a2292e989898017f05c542d8b5ac71c9fab88a0393608dba232e989b578722c0b48ce607ec4e366830a3c16c2077b4d70283898879630446f30b6a251b389888987323319a29aa655b31434673d8c72b7e420773f31e581c98b66f2aa468b90c1dcc8830ad1f6e4faf902c430733264cfb97885214cae0c18c09d3e5bd93cef6474c3a0e8789077366e44613e52db0b6104cc87ae6d8488ea63be659f8dfdf445b9c66809984c46c2b26a7684a0f6664984938cc8cc3cf8f0ad36d075ae9c18c2c996e1dadf460c6964ca7e189ecea27424c1306d32826b3684a0f667c982604a6890d3333d2a329bbfa893299f69aa287257126d37ee6407a30634ca6753465573feb23be645ad740b2ab1f703221eb997c92691b4d3b4b46bfdba02d4e334aa6e514adecea071593d35fa8f18799194d26c7680aaf7ea2c534be308d62f2ac81a477b2d162da680aaf7e22c64c7c601ac5e41a4de1d54fcc98861c935b271b33a6a1c6cc14936f472bbd938d1ad3d0621ac5645cd14aef64e3c6acd8d10aaf7ea098c2d6332d3b5ae99d6c9c8bd3961dadf44e3676cc4acb27b22bd91a601a1a4ca398cc3b5ae99d2c22e698e90f6ce06332ed64e34f66858e567a271be573b3b69ad23bd93a2413dcd14aef646b914c838ad93335c0e49b4cb3c4c45c1a4d66c863b4c0c31c2966e0642e17589883e5423103632e91307bab53296668cc250ee6ea44e293296357cbe3f7cc25a8a385dc305927b319d116a5279309d004dc307927b35507cc4da096ce98bdcd6934990c9259ae09b8616a329924b3b4a385dc305927b355a3649669026e987549e69c7d32cb342137cc9a2473ce3f9925b74d98a5269349324f6b96173f9a4c4ec93cd9d1028a1f4d26a7649ed204596a32f924f394666921cb3d99b17cd9169ccc139ae5c50ff36446f3655b70328f1741304b4d26a7641ed50459ca4f26643d73222699c7344b0725dc93f98cb6383d9193cc239a204bcec9ac05661e6409c5ccff978c9339c1c3cc0425b3501364c93999b5c02c225942308bfe3b4d26bf641668822c35991c9399d72c1b93704f668288391696cc9c26c8927132eb81798ce56066eff87cac26937f320f348fae936832252473bfab0574b1ac93d9ac7932f734df2d874bc564fb2b9f964b08272096abe34b2d30a76c7fe57078da67b183d91b9dfe77d38e6206c62c117a4d675907bb71e7b90362154cd07a26dfe7469e009ab063c178e398cd7226d6e2f40de3640e87389869877132eb81f984a5997634991c9289d1d12ed8ee1abc396eeb934c77cd05efcdd6703133d6c974ef68d34e8d9299f14ea6ab66dad164f249a65b477bc779a7fdcd3c3b2ae6987b32d391f30d93f306a5f5c0fc3b973e72b7649bcc66dd30ad6f9b02b60e6ed50e73e856fc704e262e26db99f6ddef61f41c2deb92cca98464da643365ffdd287ccc8984645a1441a98cedf65f8098a0f5ccab5b19c9ac9acd54c017ddd6c7f30471719a2fe6e137a42a657328e54318937a60e65f2bb1ce25e364226366623047d696b549a61ccc74686df93faeb379c89833a665de75d1abb596969d0f53c50c5ab20fed340bdf8be7fae45a2d30d7ad2c8c66d913b28b42cb0f5c9f436c226372fc91af4d2cde5e640459bfcc0593e91332f16326db26fe28c43c51062dd2ced160ae8f2c7acc5bae96c7a279349c8b635bafbdfd667e9acf9163b6de2d8f44f308e7b158fe0d2643cd49dc983b96c7a3992f6b8f53ee0473758c23c764f5d7fab26b79229ac3de6e3a17a7f683feb077ca996286b13c19cd5525341c2e168bd5ff39fd0585abfd53722af8123026703d73c2a8e739b8ee27a309fd7c54fff09c8c3413a89140ccdbfce18e993fe78d6206b12c8f66e56072d26ca2634e79fd95568c6689655a7cd62c56cc0967cbd2685a04938fe6739c98cddb63871be6d1d3668ae9dfb22c9a76c164a2398911f3e5f6c4e1827975e2bcb3283133d69625d1b40de6ea982aa66fcb92685a0793c1f441428039e66d793a9af6c10caf498119b6bbb9ba2d3d6c31cb4f1d56b3191be62de0f86187d9079c7aae985e73b96aa41d26ecdc2187990498e1c626c92decf86183f90578f280c52c1c13ba5616eee7402d4f45d3319841375c398962b7381d6c32046c792a9acec10c3819448219646c9218f8d53e114de7606ebaa62cd01f3301668889ade43fffb46e11a28910ccffb3772f2d8e1b5b1cc083c1ce45ebc9642b046e37f2a7b870c9dd9a26e540af34625403dea59944e1f66e36fd3584c15ecc7236fe7ad7fdf6a324d5a9c739a7e4d24e0393a9e8e7ff51d529599632cb2934275e30572496d9d445345d04b3ccb2b48998369659261d44d34530d7fbb1106473eb05137d3adb3c5982ea6c05c3840473f53418fc6c0e03f33997fb343888a68360962fa3c1d69443c07cc9e5fe80e447423041ffe1d7e16067d313664391cbfd7105b9e6bfeb63fe5b82abec93e677ec65b60fcc822497fbab27ada3691fcc32a3d11c00e6a165966dada3097b8c4bb9c8cc6834279e30574496b03a5be96282825964449a5b4f9892c81258677fd7c304dd31e54d46a4193ae6a925b0ce567a984be32a8baa292198fafb99583b9ae796b03aab8aa6ed1db3c8a8347b51cc36a7911ed05358c25a7aaa68f67db956a79547a29978c35c5059825a7aaa685a0653aac684a21934a6da12d6d25344d332986546a539f686794b6509acb3e7d1b40c66cba8103437de30059925b0ce567d98b060566da3f2af192e66bb2570a979164d9bed92b62a8ba229fc61365496d03a5b75637eb49ffe20697ac42cc82c814bcdd3685add3157199966122866b725b4ce565d98c060de64649a638f981e5bed49b725b0a5771a4d8bae6c6795f5ade913b3a2ca25bcce56ed98c06016199de6c623a624cb25780a741c4d8b3ba6aa9587a6297c623654b9042f358fa369114ca931346f9a5e310bb25c82ebec51342d8259ea8ccdd3535e091013b29f29fd7467f52cc175b652634283a937383f9a132d14b3cd69e9a53bab6b09adb3f2831213fa91d01c9c976f150587a96d09dc3a398aa679304bedd179d0dc7ac574df9d4d7ecab40f697cd7340ea6d4fea8f9c8a6f48be97cc06b7d4bf014a83ac78406b3000ccf793613cf980bba5cc2ebec7b348d835942c69738d61c078509b304b7f4dea3691a4c091b9f63cd89674cc73320d8b502d7d9b7689a06b3c828357d633a9d0135c04b05dd3a79ffd937d360de4047d2826e0d00000ea34944415498b8bc3e4bdf980da1257ca9f91a4dc3604af80893cbc434b084d7d94f87981f7d57d9c7c35d9b36f18eb9a0ba5f9a2d355fa26918cc91c108dd35ddc7de315dcd809a9111e6c42c9a66c1ac8c86e84cd33fa6a319506266097a91cc4134cd82599a8d317554bd3681609a5a1ad4d94faf98bfa0545987ad2001c684ed674a376f5d33b784d7d9a7681a0573653c48279a0900c56873fa71864736f9315b6a3e45d32898a5f9285d340f2608982b9a4589799d7d8ca64930a5cd281d6862604aca5c9a2c351fa36912ccc26a98f6cd8365089856b934a9b3f2c37f4c82b9b61ba7f5024562605a169024b33cb606d13408a6b41ca6ed723341c12ca826b2c675567e30086691d16a4e503057b4962653a0ea37f8dfb11fa85df3000753125b1ad4d9cf7fa25759ebe5e6923de64f0e2e91414bafaec17dd9d2c5486d16281207b3a19ac89ad6d92f75fd15bfcada2d501224cc82d812dcd2abf707f0ae59391aea778b5b260aa6f10c68e4e80ae5e06082a3593a1aaaf194768b842909273f2675b6aee1d1743656d32fa1482ccc86d812b6d4fce319b3465d645a4f698d30c1fb99c6cf01650e2f10e4eef76259ff4d50658da7b40918c56873daf0d1912673796ce1c10445d3e9604da6b463344c83a70d12a7970750673fbd5902a259381dacc924688386b924bd61c2b64e7e7dc7d48fe6daf168e1a54ce06136c496fa75f6f381a57e345d8f163c094a10310bd21b26a4cefef710b32698fe984d82c688982bba892c6ca979144ced688edc0f3731b86522614ae222abddd23b0ea66634571e860b9c04a16282aa860f4bbdad932f2796f55f345516dc09129898909be63af372e837f20e8f254d95054e82c6a8982bda1ba6669dfd728ef917f622d3e8b6898ba97fd36c469eae4d6e124c9d68969e060cd80edb30c5f465a9f1b39a5f54987fa22f320d6e9b0217b3202eb23a4bcdba368966e16fc4bab7cd314fccc6df95e96de9fda1c6ec8be6dae390356f9b13534c93fdcc4ab7d79e643e8fa5ded6d7e9f191a8caeaaf363786285e31939157cc2bed0efbd1f195aaca6adf360536e682f686d95b673fd5adc76ff88b4c50a14d3862fa2db23d5b27bfb6637ea5aab29aeb93313aa6a02eb2dd2dbdcf75c7f137c122135068370c31d799f743bfc3ae1b4def1f408df589c0c75c10ae4a7a5b7a9dc1ec88e60a61d049ef2d931fe608e1bae446c1ec88668930e8be423b26c014e445b6bdce7ea96bb368a20cbaa7d06ed861362897a5adcef662fe8f6291a959680505e6827426dbb9d4fc571fe68f097a2b4fb7d08ed961225d95963a5b647d982d775bac5177155a1a4c415e64db5a7aa3ece76ecb3b75812ed0869d746f7f116036a433d9f63abb37b9eea9b2eabfb8c61b76d3f9c42c01e6823e98ca96dee31ff75459f5dc0971d889174cc3adb3ae2fdd2688174551679fd68abb9e2aab8a668939eeef1d5fb295c89bd35d5fba1d615e94549daf5917e637f5b20675dc6d73204985d990175985c94bbefaaaecf94c78853beea4f5bd1434980bca25665b9d7df9e38e3a7baffe1894b8e356cf81266498827489a95e6abefef3b3be2a7bf637913f8459def22a27469809b6e549c0de3ef8bd55f624d405fac09bb65b260de68241308f9b39effffcaeafca9e44b3c41fb8a2fd4388798bfdd84f5f9d3d98c4cc3a1726e7d1241878a35e9810610a06c13c2239f8e7d3de2a7bf4392808069eb7545922cc8641300f969a47ab8b87de2a7bf81411c5a7f02c9a0929e68241300f9e863efae767bd55f6f0af920c3c572e4ca83005f554f6a8ce1e97cab4bfcabecf9e4a92819fae35b79c307fa2c14cd52bc587de2afbdea81fd18c3c51ad32c93017745dd93391d339ccacbfcabe46b3221af87134c7c498b70c82f95a674f3f4af3fe2afbfa4128a9467e84b9b1c5b4d8cf14a73b276baa4b92a9411475f61f758d261bf8d114c85cc17e73faeca7c14664d764a2bcedcdfaabecf3df5d910dfcb0ce8ec931570caaecd39d4f5129e71a55f6299a3774236f0e1726d4989243957dacb3aa3fd5a8b24fd1241c786ef37b51ce311b0655760fa29cc2cc34aaec3e9a05256663f17b51ce310b0655760fa2fcd3b9e2b13c6e4763f11343ce3125d1e3225a874e95253e128b9f18728fd930a8b26dc74ca3ca121fb9c5afd2b8c72c48fbb2ddc735fb2afb5667272c302b06b74ccd647e638cb96581f95267d7592cb31637cd44f2c02cd8de3283c0ccdfb7321960aed856d920309febec960966d5b0c5dc858299482e980bae55f614f39ee52093b707466c312df7339f4e2bb6980f2160e6c66fd877bc39fdfafe7d96abccf34e3bcb413e6e83093e9805d35b661898d9c2f4a5ec5e3025d32a1b08e677d397b2fbc16c7862cec3c0bc4a0427cc55160626cbe66c966f5961ca8869330392bc307996d9eb3030a7cc30cb10ba794cb74db22d334c1906e61dcf2acb0d7314318d27b3ec308b88697a2cd961b2acb3bb103053c90f731d02e63dcf2acb0e93639dd57ba29df890ee305dec673e9f8580c9b09f975a5e76d79bd3cf9f8c9b8869728c39628adb8869720896986214310d5a79154f4c762dbdb9f285de0cab2c434c1931cda63f2c31b94d81aef9634ed962725b6ace3ade35cba595c716935bb75def051594472ef8629611d364fac31393d914e867ee9869c5199357b77dd7ffea3ce21e3b6bcc2262827aecac31794d81ea9af7b649ce1cb3648ec9aa9f37718de96c3ff3e5346242ba3fce2ebbe3cde997d375c404747f98632e22a6ee21d86332da089bb7fc0e2aa3ee0f77cc9b88a9776c02c0ac22a6eef4873f269f68ce3a7fa28f455b963d66c51a934d73560481b95c474c8d75491506269706ed8e33a60824995c1ab43b9d5f1ca26b18048259444c9d754918984cf6a81ff862a6221c4c1e7b273abfd247b55f1210a68c98ddc1947e301def67be9cde44cceee98f97cbee09f3366276af4b42c2e4b0ad3957633268ce4eabb0301711b3b361101426836dcd6bae98d3e030e9a3d9f26bf0f4db269be030e9a3d98279c72198a1612e226647272f304cf268ee7862e62244cc8227e63d876006872923667b8b3d384ce2683eb0c4dc048a491ccdba66d8cf4b45a89845c46c0966809832629e06b3f28ae9673ff3e5f426629e04d3cf75f6bb39fd724af908ed9c21662a02c65c2e1862fea0bc63068c49f9dddb6b7e98a9081a93309ab336cc3bc260869d4cba0e2d3fcc5c848eb98898876bccb031c9a2b9e3863915e1632eb861de130633744caa6ff871c39c8a21601275681f98612e078149f482e8ba66d5029a8a6160ae2266962e078229cb88391143c194178fe9e96b5f38df02a3ff5258ca0a732c30ae330e6685df39b86ec7c4efb4e7624098049d830e4cfc16901814267e536fc608733a30ccdb4bc65c0e0c137d0ec408732c8686292e163315c3c3446ed1eeda31919bb39b016222bf848d0de6540c1113b745fbc005530c1213b7455bd73c5a40e36a9898f20231f36aa0c9547e91281d0ea66a52b01d2ca6ea47fc3c61a604988affbb2b395c4cc5774f723f1776de85e9a9d35e2a76be703151f633df1e70bfc1c2bc668139c6bab0989bd36fa7cbb3fbca1501e63724cca91834e6f95e9827cc5917e61d12a61838e659a19d0c17f369893964ccb3423b20cce2ecf182c1639e74f5b6c3c15ca9fa78c3c63ce9ea796a0bedba303d3567a5aa8f3770cce3ed93a162e6e2229279bc7de2e91d160fc498380fca32c03c2ab41498fff8c79c5c0ce661a1f58459d7f8cd5979d893bd1cccf7429b0e097374d093bd1cccf7cd304f98735acced4561be6d86e524987e3aed6fff531379599872c098b9a4c244ddcf3c7ff2f2ca0fe67537a69f6d93d7593af295a4da9c3e3c2d7d62ceba31ef7c628e2f10f379ba303ccca9b8444c3948ccb4ba4cccc7d5e6644898c5e30af342311f3fc99e30775498938bc5dccfe5b724987e3aedfb523391978b29b3a51fcc0712cc2a97978cb99224987eb64d48af24034ce909b3ae099ab3178f59dd46cce1607a790fc99c02731a31bdbceca017d343a73d9711d3cb5b6508305311312be1e3f55dd77d98eeb74d04074caafdccc353e72f2299f5613a6f016d892e1d8fcde9a3d375e898131931cf9e220914732223e6c1e92864cca98c9847a7987d76c7985319318f4f57a8982e3bedb98c9827a74b97cbcd0744cc741931cf4f1d2e37fb2c1d6e9ba42262fafd19dc5e4c77cd591131d5a78be0305351454cbf3fb63947c3e473e9f8613ad2d4c0fce12a971153fafd493f2ccc8d88c9ec3c75a179dd8ff9cd552e2366d7a903cd1906662ad95d3a0efb99ceb7373530efec7329d85d3a8698f69a0898a988987aa72bf698a98898baa7b7763b623bdf98f93262ea9fdafd46a306e6fdffdbbb639c86612800c351a482948d81dd0b2a12d78854c682e4cc5dec8191050e50896b6449074616ae47d3814ab4294e6c533ff3b3fd1bf14721bcd7a8fe96608e7b1437d6d2c40ff32f3fdd220f4c9f7792bcbcc49ce75da47756c963da659298aab1604ec85582982ad1b34a1ed34ebc0dba8b87595930a7e653190d73d2a47d66c1f4c8c794301b0ba64f4e792fc96d1c4ca52d989e397e1a3477c11cbd36b9d16006c83606e6c8799eea8c00cce49672477275764c95eee124bd9c3e9ae579313716cc7069c6fcaafd0c8ca93616ccb05986c5749fb4cf041c8e344cf7fb20174be7071454a7c18c9165404cc7795e27e670a461366ee3bd709855a3c18c97cb3fc45456d8e148c3dc7ec74146b3bf63f6f7b06046cf3208e687c3bf9660c6cfd3e3da00986a26e83484636abd2c3d972627312b61a7211cf3d43265ee8639b4365195c0d3108ea99b214e47cce7414a30cf926d60ccaa937c1a56c23e73388d690f5f9e971331fb17a5e8d3d0b231fb1fc88399eda71be68f497b25f3f2f3c2ecf3a9f0c42c3ac9979f1766ffd58e9ce6edd726550e979f17e636db620ce66e9e57bce773f97961eefe80162ecf80ed5e99db1b1ea32d9829a7e9efd6afeac530e3babed2fd9d701ed79b35e6feb38cb47ea8ebfb7ab1fd7a5bdcbfaed7757dadb3bddeac3177698cb1dfb8c6180d26092609260926092698649a98a2f7996446cb69124c30493049304930c1e424c024c124c124c1049304930493e4293092e5349824982498249824986092609260926082498249824982491ec76419c8729a0493049304f3bfe517e369cbbf4229c3010000000049454e44ae426082, 1, 'ADMINISTRADOR'),
(2, 'marisa', '$2y$10$c9DyCXbM7b4qetPUHI.ZZ.nYrxqVQ5Qa1Sbg6VukUYwOlvL5FurhG', 0xffd8ffe000104a46494600010101012c012c0000ffe1007345786966000049492a000800000002000e0102003b00000026000000988202000a0000006100000000000000427573696e6573736d616e2073696c686f756574746520617320617661746172206f722064656661756c742070726f66696c6520706963747572654b7269746368616e7574ffe1057b687474703a2f2f6e732e61646f62652e636f6d2f7861702f312e302f003c3f787061636b657420626567696e3d22efbbbf222069643d2257354d304d7043656869487a7265537a4e54637a6b633964223f3e0a3c783a786d706d65746120786d6c6e733a783d2261646f62653a6e733a6d6574612f223e0a093c7264663a52444620786d6c6e733a7264663d22687474703a2f2f7777772e77332e6f72672f313939392f30322f32322d7264662d73796e7461782d6e7323223e0a09093c7264663a4465736372697074696f6e207264663a61626f75743d222220786d6c6e733a70686f746f73686f703d22687474703a2f2f6e732e61646f62652e636f6d2f70686f746f73686f702f312e302f2220786d6c6e733a4970746334786d70436f72653d22687474703a2f2f697074632e6f72672f7374642f4970746334786d70436f72652f312e302f786d6c6e732f22202020786d6c6e733a4765747479496d61676573474946543d22687474703a2f2f786d702e6765747479696d616765732e636f6d2f676966742f312e302f2220786d6c6e733a64633d22687474703a2f2f7075726c2e6f72672f64632f656c656d656e74732f312e312f2220786d6c6e733a706c75733d22687474703a2f2f6e732e757365706c75732e6f72672f6c64662f786d702f312e302f222020786d6c6e733a697074634578743d22687474703a2f2f697074632e6f72672f7374642f4970746334786d704578742f323030382d30322d32392f2220786d6c6e733a786d705269676874733d22687474703a2f2f6e732e61646f62652e636f6d2f7861702f312e302f7269676874732f222064633a5269676874733d224b7269746368616e7574222070686f746f73686f703a4372656469743d22476574747920496d616765732f6953746f636b70686f746f22204765747479496d61676573474946543a417373657449443d223437363038353139382220786d705269676874733a57656253746174656d656e743d2268747470733a2f2f7777772e6973746f636b70686f746f2e636f6d2f6c6567616c2f6c6963656e73652d61677265656d656e743f75746d5f6d656469756d3d6f7267616e696326616d703b75746d5f736f757263653d676f6f676c6526616d703b75746d5f63616d706169676e3d6970746375726c22203e0a3c64633a63726561746f723e3c7264663a5365713e3c7264663a6c693e417473746f636b2050726f64756374696f6e733c2f7264663a6c693e3c2f7264663a5365713e3c2f64633a63726561746f723e3c64633a6465736372697074696f6e3e3c7264663a416c743e3c7264663a6c6920786d6c3a6c616e673d22782d64656661756c74223e427573696e6573736d616e2073696c686f756574746520617320617661746172206f722064656661756c742070726f66696c6520706963747572653c2f7264663a6c693e3c2f7264663a416c743e3c2f64633a6465736372697074696f6e3e0a3c706c75733a4c6963656e736f723e3c7264663a5365713e3c7264663a6c69207264663a7061727365547970653d275265736f75726365273e3c706c75733a4c6963656e736f7255524c3e68747470733a2f2f7777772e6973746f636b70686f746f2e636f6d2f70686f746f2f6c6963656e73652d676d3437363038353139382d3f75746d5f6d656469756d3d6f7267616e696326616d703b75746d5f736f757263653d676f6f676c6526616d703b75746d5f63616d706169676e3d6970746375726c3c2f706c75733a4c6963656e736f7255524c3e3c2f7264663a6c693e3c2f7264663a5365713e3c2f706c75733a4c6963656e736f723e0a09093c2f7264663a4465736372697074696f6e3e0a093c2f7264663a5244463e0a3c2f783a786d706d6574613e0a3c3f787061636b657420656e643d2277223f3e0affed00a050686f746f73686f7020332e30003842494d04040000000000841c02500013417473746f636b2050726f64756374696f6e731c0278003b427573696e6573736d616e2073696c686f756574746520617320617661746172206f722064656661756c742070726f66696c6520706963747572651c0274000a4b7269746368616e75741c026e0018476574747920496d616765732f6953746f636b70686f746fffdb0043000503040404030504040405050506070c08070707070f0b0b090c110f1212110f111113161c1713141a1511111821181a1d1d1f1f1f13172224221e241c1e1f1effc0000b0800aa00aa01011100ffc4001d000100020203010100000000000000000000070806090104050302ffc40041100001040102030505050408070100000001000203040506110712210813314161142232518115717282a1239192b14252536293a2b2c14355647383a3c3d2ffda0008010100003f00b9688888888ba7772b8da37a9d1b97eb56b379ce6d58e59035d3b9a012d66ff13b63bec3aedb9f22bb88888888888888888888a14e337684c0e87c9cf80c35139ecdc1eeced12f775eb3b6f85efd8973c74f71a3e60b9a5566e24716f58ebe8a6ad9b76362a330024a7055e68491f0bc099d2723c75f7d9caeea7aedd160ac9a666dc93cccdbc396470dbf55ee60f5beb4c1cac7e235767a9f21dc46cbf23a227d63712c77d4153af09fb4fde82c438ce23578ec56710d197a90f2c91ff7a689bd1c3d63036dbe13e2ad3d0b753214a0bd46cc36aad88c490cd0bc3d92308dc39ae1d0823cc2fb222222222222222c178d5c48c470df494b90b92b5f93b2c923c5d30377589837a123ca3692d2e7790207525a0ebe649269a5927b333e79e57ba496579ddd23dc777389f3249249f55c2222b09d9338b9069c9aa70f3370ca69642fbbecfbbdf6edad24bca1b0966dd18e90121c0f4749d46c4916f511111111111111510ed5b98b796e39e6e1b0f718718c82955611b7233ba6c8efdef91e77f96df2516a2222fc4b2490c4e9a191d1cb18e78ded3b16b875047a8216cf71d39b58fad69cce43344d90b7fabb80765f74444444444444543bb56d5756e3e6a279e82cb6accdfbbd9a367f361517a22227b3bee16d38fe3b0e1137ef71e51fcd6d05a035a1ad0001d001e488888888888888a92f6cc9a84fc680fa36eb587331304568452b5e6299b2cdbb1e01f75dca633b1ebb10a1844445ec6853506bbd38ebf3c35e937314cd99a6786323884ec2f739c7a001bb924fc96c9e19639a164d0c8c92291a1cc7b0eed703d41047885fa44444444444445ae6e2f559a9f16b58c13821e73b725ebfd5926748dff2b9ab1744445f9790d639cef00372b639c25a93d0e15691a365a5b3d6c1d28a407c9cd8180fea164e8888888888888a9376cbd3afc3717beda0c736ae7aa4733643d1a6689a229183d435b13bf3a85d11117b1a174fc9ab75b6174bc4d7bce4ae470ca19f1361df795ff9630f77d16ca5a035a1ad0001d001e488888888888888bc2d7fa72aeacd1b96d3f659093769cd045248c0eee647c6e63641b8e8e6f36e08eab5b6e8e689ee86cc4e8678dc592c6e1b163c1d9cd3ea082111115d2ec6ba5e2c570a22ced8ad17b6e5edcd62395d10ef1906ed8dade6db7e53dd73ede1ef82a6f444444444444444545fb58e94834c7182e58a8e60ad9b88648463c6391ce2d977fc4f697eff003791e4a26445e9695c34ba8f5462b4fc33b6bc993b9154133ba88f9de1bcdb79edbefb79ad9261b1d4f0f87a589c7c421a74abc75abc60fc11b1a1ad1f4002eda222222222222222a5bdb66c09b8cd5626bb71060abb08f938cd61c7f42d508222f7787561b5388da56dbcecc833946477dc2c464fe9bad922222222222222222f373b9ec360cd2196c8c151f7ad474ea31eef7e79a4706b58c68eae3b91bec3a0dc9d802452eed835afc1c70bd3dcaf2475ecd3ae694847bb2b1ac01db1f987f3023cba7cc28851176f075afddcee3e9e26bc9672135a8db5618c6ee7c9cc081fa6e4f9004ad923b3d866ea51a6df918199775516d951eee57c909739bceddfe200b4efb6fb74df6dc6fe9222222222222fc4d2c70c2f9a69191c6c6973def76cd681e2493e01467ac38f7c2fd37cf19d44ccbda68e95f12df6924fcb9dbfb307d1cf0a1cd5fdabb3360be1d25a5ea5166e436ce4e5333c8f9f75196869fcee1e8a3ce1867f3bacfb42e93caea6ca58c9dd7645a43e5239636b5ae706b1a366b1bb8df668037ebe277574788da234febed392e0f50d4ef61279a19a321b356936e9246edba387d411b8208242a27c5ae1ce7f86da88e3330defe9cc49a1918d84456983f7f2bc7f4984f4f224104e1cbbda7f0f95d439bab84c1d196fe46dbf9218221d4fcc927a35a0752e3b003a92aeff0001783589e1b63c5eb6e8b23a9ac47b59ba1bee420f8c50efd433e6ee85e46e761b35b10f6e43353d71a43255279ab5b6539cc53c3216491b99230b5cd70d8b482e3b10bc2d15da775d61618aae7a8e3f51d78c6dde3c9ad65df2de4682c3b7e0dcf99533690ed2dc38cd72439596fe9db2ed86d7a0e6889f4923e6007abf954b784cc6273945b7b0b94a393a8e3b09ea586cd193f89a485de444444513f19b8e9a6787570e1d95a5cde78303dd4a090319002376f7d21079091d4001cedb6240041303eaaed3fc41ca31d16129e274fc6ef09238cd99da7d1d27b9fbe35126a8d4da8f54cddeea4cf64b2e79b99acb561cf8d87e6d8fe06fe5017903a0d82e566fc039045c6bd20f3ff326b7f89ae6ff00bad852f1f59698c26afd3d6303a828c7728ce3ab5dd1cc70f07b5c3ab5c3c88eab5fbc4fd2f4747f10325a628ea0ab94ad52611fb66cefd8efe2c9795a7df6783b903bc3c03b760ba7c08e19e99d01a6a2b189b10e5afe421649632edd8fb4b080e688c824362f0200277e84927aa91d549eddb203abb4b45e6ca161dfbe467ff955d117df1976f62af0bf8abd6f1d700d858a93ba1940fc4c20feaa53d25da2789f810c8ace4ea67abb76023c95705e07a49196b89f57732987877da8b0398c9c58dd5d873a77be7064779967bfac09fed096b5d18df61bece03c4968eaac30208041041f021111781c46d491690d099ad4b3063becfa724d1b1e761249b6d1b3f33cb5bf55ae2b96addebb62fdfb0fb372d4ae9ac4cf3bba491c77738fa92495f244459270aec8a7c52d2365ce0d6b33b4839c4ec034cec6b89fa12b63aa2ded3da8b57e9ae17dabda46a3cbdefeeeedd89dfb4a101079a56b7c77f01cdfd0df9bcb7143c01b74ebe7befbeeacdf623d45abe6b590d342ac9734a5661945991db0a33b8efdd30ff483f72e2c1f0fc5d39bdeb4ea9b76e0b424e2be2aa020f71848de763e05f3cdd3f7307ef0a074445c1ea362aea7636d5f36a0e18c983bd3f7b734fce2ab4b9dbb8d670e6849f41efc63d230a6e4455f3b716a134740e274d45216c998bddecadf27c15c0711fe23a13f45505111170ee7db78dee8de3ab5ed3b169f223d42d8ff000c75345acb87f84d4d1f2735fa8c7ccd6783261eecacfcaf0e6fd177359e7719a674a64f3f98701428d67cb337a12f00746007a1738ecd03cc9016b7325685ec95bbcda5568b6ccf24c2ad6672c300738b846c1e4d6efb01f2015d6ec85a9f179ce1357c554a95695ec23fd96ec303030484f564e40f1320eae71f17b5ea645aeee356a76eb0e2aea1cf432092a4968c151cd3bb4c11011b1cdf4706f3fe72b0f44445357633d44711c5e38792470af9da5241ca3c0cd1032b09fb98261f995d7445497b65670e538cafc631eeeeb0d421ac5a7c04b2033388fbdaf887e550c222222b4bd86f57f3d5cce85b526ee85df69510493fb3710c99a3c800ee477a991cb21edc57e6afc2cc5d18a7731b77351327603d248d914afd8fa07b633f780a9ca9cbb12df92b717aed1ef9ed82ee1a5e68c1f75f232588b09f50d326df88ab11da47583b45f0932b7abca62c85e1f67d020ece12ca08e607e6c607bc7e0540d8d0d686b46c00d805fa44445ea68fcdbb4d6aec36a26976d8cbd0da786f8b98c782f6fd5bcc3eab658d21cd0e690411b823c0ae516b7789197fb7f889a933424ef23b994b1244ef9c5de16c7fe40d1f45e0222222c8786baaa7d11af30faa61e77368d806c46d1b9920702d95bb7992c2edbfbc01f253f76e7c9c36b15a223ab3326ad71d6adc7230eed7b5ac8435c0f9822555814a1d94acbabf1f74e3078596da85df77b34aff00e6c0b20ed93acbedfe23c5a6aa4bcd474fc5c92729e8eb5200e7f8743cade46fcc1e70a0f444445c380734b4f811b15b0ee05667edfe0f695c9ba4324aec6c50ccf2772e9621ddc87f8d8e59a2f8de165d4676d3746db2637084c9f087edeeefe9becb5f1ad7847c40d0b13bed9d3d626a50376390a20d8ac5a07c45cd1ccc1eb235ab09639af68731c1cd3e041dc2fd222222c9353eadb9a8348693c15de77bf4e4366b452b9dbf3c323a37463d39433936feab5beab1b5eff0eb51bb486b8c56a76c06c3b1d23e56c40edce4c6f6804f9025dd7d375e25bb36aedcb17af4eeb16eccaf9ec4cef8a491ee2e7b8fa9249faaf9a2222e17b9a3f48ea9d6163b8d2f80bf9621dc8e9208f6858ef93e576cc69fc4e0af27679d279fd11c2ea3a7351ba99b704d348c6d694c8d8d924864e52481ef0739dbedb8f912a4244582eb6e1170eb5849258cc698a62e484b9d72aef5e7738f9b9f1905ff009b71e8a19d59d93a3f7e5d23aba56ec3ddad95803f73ff00763e5d87e4715156a7e03715302647bf4d7da9033c67c5d86ce1df730f2ca7f8147596a37b0f67d973142e632c7f6376bbe07ff0bc02bae082370775ca2222222e223df5865784196779d99146399ee3e8d1d4ace34df08b89ba80838fd15958e3e9bc979829b403e7fb62d2e1f841529e96eca5a8ac96c9a9f5463b1d1ee0986844eb2f23e5cefe40d3f47053068eecf7c30d3a592cb867e76cb7fe365e4efc1ffc4008bebc9ba94eb410d68195ebc31c30c6d0d6471b435ad03c0003a00be8888888be766bc16a07d7b30c73c2f1b3e391a1cd70f507a1584e6f83dc2fcc077b6686c2b1ceeae7d4ae2abc9f99745ca49faac3b2fd98b861709f63666f13f2f65c817edfe309163791ec99a7de4fd9bacb3300f2f6a8219bfd218bc697b23dc1b98b88901f907e108fd458ff0065d57764ccef37bbae31a47cce35e3ff00a2fbc3d92322e1fb6e20d48cff00730ae7ff0039c2f4e8764ac7b48fb475d5d9879fb363d90ffa9ef591637b2cf0eab481f6b23a93203cd935b8d8dffd71b4feab2ec3702b84d8a787c1a2e8d977fd74925b07f2cce70fd167586c36230b5bd970d8aa38d83fb2a95d9133f73400bbc888888888888888888888888888bfffd9, 5, 'USUARIO');
INSERT INTO `usuarios` (`Id`, `Nombre`, `Pass`, `Foto`, `Dpto`, `Tipo_Usuario`) VALUES
(3, 'marta', '$2y$10$BEDsTci2hZUz1Ez2M/dz.eB4pmeNF2B9x86oaPbNZ/JTHrOb9cT2e', 0xffd8ffe000104a46494600010101012c012c0000ffdb0043000a07070807060a0808080b0a0a0b0e18100e0d0d0e1d15161118231f2524221f2221262b372f26293429212230413134393b3e3e3e252e4449433c48373d3e3bffdb0043010a0b0b0e0d0e1c10101c3b2822283b3b3b3b3b3b3b3b3b3b3b3b3b3b3b3b3b3b3b3b3b3b3b3b3b3b3b3b3b3b3b3b3b3b3b3b3b3b3b3b3b3b3b3b3b3b3b3b3b3bffc20011080198026403011100021101031101ffc4001b00000203010101000000000000000000000102000304050607ffc400190101010101010100000000000000000000000102030405ffda000c03010002100310000001f5910841c0209151931acdcf6461a8050aa809016b960410a3044a608a41d008ae844503230b4c18140646154a3d4224092844200356d976a596358ca522c882c2ad714cb4e6d72f77d1ca10830051448acc98d66c6d8621024122025554188008c000c2911c856ac845541d2ca50a30ab064822b58e446a2100022c2ad9659a96ea59638c908b2002165432e6d334b9777d3ca108354851458410c78d67e7b6a608020802ca055284ad5874828d44ac719125830ab58e96d88aa58814d8c08457b092c7181510825408c3ea5ba96d8e868c059020025aa324d579a877bd1ca1083d08028a2c28864c6b3f3db5121082caa2c28f4c00d9a779919f1b03222ba4115825601c74ad48f60182290640b2c03563ab23722aac1223e96d96ea3a354812c04004b5c63cea99525f41e9e30841e80214028b0048c99d518d909002cb5c0584b2c1d0d5fbc319f1bae528aae90ad5918ad48e8a2ab0e929d0528e130af2b59e56a2d2a6d9add9d6f8edeb06ca31a6ab2cb6c7b1aa4059941651154629aaa5b779ecf5c42046a8825500a08500863c6a8c6d820125596a1c9612c4200d30810441a96251882ab22281c88f56580031cf5f27d31975950962dd2c8e9e77d4b3a09a7261f52db2db1a8449444845ae5cd9b4d69de6db366a42046a8814428002c01445c78b4e364824aa572cab120c3d8a1180116129c200c40045a30d40747a3605e1d79bd66ad66b084624a2adceae37af4337ad96ede2eb2db0d48128812d32e694597ef2c44d9a42046b201440140004280acc78d538dc2b96b530b56a3029d210302892169c800c0169c810807b1c96625f17bcd76259af1d35e379f59cdbc444a83c7531d3728cdf53ae77eb3658d521655969cdcf2b6b36ea1112a3a7a42047b00012800002c0000ae5c59d518d24b4291d18b0961200689502008408c2aa960028c0a71816792d5e56b35a7578f7ee63a5e2d9459cfd6795d394b21d2c6f42ea976c9dae9cada6015e546754966a5963d95cb5a5275748408f602014428000040140572e2ceb263756682eb1828680c409088c4508c01800185a239070d511e1fa4aacd58e9e978f6b885963598353cd6f955ace9354d6cceac94cbe935cf6ef0448cf8d57566b36d97d398f2a8ce75b484186b0100004a0001410002ad71cdc6f0e3712cab6258c420c01888c0551d22942008288c11c879cb7cff4c259e87cfe9eccaa67b94b34d39e6e5e7f5e3659b26ba19d623ad9df4d8ec74e492d12cb2cb2fb2da7a118736a4cc75f484186b0100004a00000010a01579d970b1d2c2f872c20c4084b75962bcd8a0600c1451894d02896149e3b7326a2a7a1e5dbb58df32ca6b766d95aae7cf63a71fbf9c6b3a66ba59d61b9ece3a6997b9ae4b635cdda9a29e890118b36a4ccbd6d4841a992008000250000a080014e74bc29a4ceb5458306182120f61043a80a408451894f029c2722df39a99b59b0f45c3d3a65a0a77cc59bf1bba5e64d717af0a7a634c6e9b916e75d4ceba7be5b37cf46a5a354210062caa8cc75b4841a992008000144000002c001cf39ab9737445aa468210842420404204680a488ca50a83cddd71778ab5989d9e5dfafcfa34d51ac83ab1a758f3f8ebc5e9cb3f4e77a3cd7533ae7d9d8c74eadc77fb706a24210110c59b52673ada020d4c44040008080a0028010a73cc0aa6d87465230421204812112102b08442452675f153586cab59df8e9e8b8f7e93391a53416d853cf677cbe9ca9de0d8e7531bc766cc6fac7abf47989084044218f2a4ce75b4041e89101004000128000028239a615537c8e3290842108481211090812048153671f3af2cd63b28d67d071efd2e7d68aa478b55c4302737a725e9ce04df9d6736637d097d4f7f3ecd660081200c7854673aba420d44890040000404a0028058e618d6b4e8c38ca4210843502920d4894484824a2409c8cefcccd73f59a358d58e9dce3e8d9b658ad3127531bceb9d399db81b0d90dd9dd69d0ceaf8f43d39f4b7ceda84210064c29339d5d2106a24480200800001280005394655a64e98f0ca421a2854a409024204842048121e7b3be72f14a7584b3bbc3d3e8b502e2cdcf9d572d4b9358c3d78da4a466f9ad59d6dcebb1be7d6df3d9611aa10808c795559e3aba420d448900420000202502805394665a64ea0e108421084812048409081204843cfe77cf5e1595d95d974beab97ab3e6b4892e633eb393585b97d4165373a73bd98db4bd9df3d9aceeb37dcdb50010464ca9acf1d5d2107a89084010040000094005390675a93ab0c1084210848120484090812048038d35cc979873f52ab153d1f1f47439f5a0c1665d66b41612ade05955ceacefa38dd99d753cfd9657edc7a971d3ebcaceb8350065c28aa23a9a420f5089080200800100ab005390672b3ab0c108421090240902421024090829965c52f926b3594dcad8f2ebc75a92dceee9a685b12c4d645955cd8d74b9f4db9d3f0ec9cf6facf5719d2c68de35fb385bdb10cb867283a9a420f50890802100020000940a716a8123ad0c1084240848121020090494459a94e7492d964a1678fcef9165562d896421bb8f6db8e8eb5a53acd7accaa2e1d7adcfa897579fbe6cdd79d6cccd09b2f3b759e97d0f236e65c28aa25e9ea420f5089084010040008004a8712ca1523ae30421821090842108000254858b74a33a99afa9ab59b353c2e3a71e9ae73a2582a1ab9f4e872ed74b5d537356f2b734dcb4d74f1d2cc6db9eeae7ad9cfa5a7459d0c5973d2f5f9aff00572cb85154474b4811ea10890802008020000165e1ea67954ec41084218212108420a0960112505d6572896eb0d359e0b1db9f72b657625cca06be5d7573eb6a850956f9d7a946b16e757e75d0e7d32e377f1e97677ae5dee77268bcf4f6e5bbdfe7cd967288e9e8023d4211210042000400085671a92526d920052c578608484210005890042d1e88453cfe37e5f9f5cfd315dca5cad9086ee3e8d58d58d3ca2cc3d3926a66d73b26afc6f773e83975b79eecceb7c5e96a6b73d1be7a3e8796a45aa23a5a408f5084484010802a2900a200029002005125d39d5d632409081000801085d5704852794e3df8d9de6ebcabb95b94b210e9f97dda64d34e61b3075e2f666d62e9bbf9ef5f2eab9d5bcba68cead96f35b1a58bf58b7dde49d330a63a3a408f5084484200803319820010028041051011b26ed91803d8484140b10573332fae9db60487331bf31e3f6f37d1c28de1359ab580855f3d3ade2f734a744b28d628ede65d652c32dd8debe1dcd9672eba33b6cdd89b18bd8bae6ef6f90f6c4298e8e9061aa10890840100532e2b010001402420820a0374d3e6b5266dfbc9210480202cc85c752982038de6f4f9de3e8e7f7e29acd7be74ef980cd5d8e9d6f17b5e692a14f4e397d3e61739ecb56ce5d3472ed64598e96e376cbba6753373375c69f679677e60a63a3a41a98844842100420a726508a2002014020a5643a0b74b250140b022920000355d65c844397e2f6f27977e3fa7866ebc8594ef941f3d2fe7d7a5e5f4be7446979deaf351db80b2ab9b25bb9f4b31bbf976206b772df4663433625b73abd7e59e8e50a23a3a41a988908421004200e466e7b2a851e8808020a20a742ba442100a064240048402d18aa24b8fc3edc1cfb70bd5c13532f6e15eb0d9ddb9de9e5d76f9fbb4b666e6eb9c5e8f32ef90b28d675f1eda7974a3a63570f4253cbb796fa2c69618bae34fabcf3d3c614474748355471ebaf94ceaed65ac862cdc9c5b3ab56e7225e4480b034a11c2100a21a0eb5b2090035614bd75a0090805c5cf42173ac3e0fa187578fe8e156f35eb34ef9b4d5d8deef3fa2ec6adc6aadca779cfd7855d790b9a8d9c3bdf8da6b214ce9a396b6635b98d4c3a5facdde9f39f4f18511d0d08d5cc4e4d7a48f0f35deb3d0a43c8f0d62e104bebbd9269e6f2aac20a61e5b11c20a510b0efd12100b0ca9c4af51002420179fcb50af976a3c7eccad65a12e0efcb9deaf318d7c7bebe3d2cc68d66e99d3cb5cef4f9aaebcd75906ef377b73bb39f4cdd79c6b4f2debcddcc6a61934eb147a7857e8e3a80596ebb1938d635b54be3e3e895b121e7796bccf37a7e8edf584f258b82c52c2f2d2c0a105280877eaf2100a0ad3c457bb8609082af3f96a19bc5ee4e7d6b555a4c5bcf1fdbe46975f0eda796ecceb3f5c5bd784e3db076e55ef15eb16675af8f6bb1b99da6a2d6ae5bd91ad8d2c12ed668f4f9397df8d402cdebd71859f3fa7a697e772fb5aef263c6f062d69e2f32dd3b3b9ecf73c9e35c70a5c5d568c12108021d6adb508086a74f2e7a8204841579fcb49cfa65f17bd651404306e71bd9e569ad1cba7439de9f4e67a73e674e637c6de7d7893acce9e3473ddfcbad7aa9a8d9ba79ef4e66bb9d6e6e966a61f4f930f6e36162799e9adc259bab972ee3d34b6e358b17266d461ce32e9e9bab76a62af350c5a5a38e10908121d0aeb59082ac1d30a589a9a8120abcee5ac9e0fa0b9dd4d556ba59273779c7ebf2d59d74f3beaa6ad73214f25d71d5f4799bcdebe4f1ef5e74d0d369626a6ae3d34f3d684d5736328bb6f3e3fb3c58fa72718e46f5d0b9d76eb4c0be9eb5e6e58a736a9572aaa92bb376a6edcf1d15cb7160e304210c109a74eed9082ac1d018d9d6d5565442197c5eb1e5f4d734aa2d533db9fa70eb7b7c1472f44c75b2cbacbee2897ca75e5576e1edbcfe9b169f275cd35ced6b06ee6d4dde7ed7e35a59d4c68b903d9e6bddf3d35971926f5853bf670d7d6d6c36cb8a33e6d72ac565165167a1db4d792939f2b960e30430c10ab23d76698228c3980a6e36d71759cea25dbc3b69f9fef5cee0954a90147abc97e873b7b2cb35dcdfae7e697cdf7f3f5f9f5eef0f45b5772bbb816d5973ae5bbc73a49763175c3d946f9f98f6f888e8c1e8c52bdcf46df5363cbbe5c119f352548aaca0a2cf59d25a7928e70b2b0c30c146530c35359d1cdb024084e2e9d1974dc61bae3dc663b5e2f7b2a4d3f0e8d9d54662eb2bf4f0b96db0d08ea74e3559e1352b67afcbbd92b4bb78f4e9f2b16e611abd88639d32b7aae2b5e6fa7cbc5f4702cb0c8bd2a2567b6ad563cbba5e7c519b5cb5c556514967acdc53c9c642b8815232118708e3574e5dc4210273d4f1ee7a71df6e7c6f9eafcfa5895354453e6f4559d4b9d5df957b9bf58cb9d6dd630e77d7ebc3c8cdf29586b87b9bacdde4f56be5d5e5d3149d373b1986275cb6ef63ca7b3c79b786b2053474744e12774f45551ae5a22acdaa5ae2ab28b058772b328b288402946a61871c683525a65a6ca688f1d1e1ead135af7cacebc68e3e93268d6618b3d33cbcdc68f9fbd9e9e0fa9d0b9c66c28b919e97b1e671d2bd4d326bf6f87a9db8ef96e968e7d397e5f5d1e4f5e8cae2c464ced56d36f9797f6788d8c92c86ee99c2a884b56b3a567aac5ae5ae29b2a2a26a737a61e9a1b1aaa5a442530e3960e3411974e764099b531a59c3d431d35d753b79f9b8ebd36746b0a7379f5e72f17a72e971eeda9d147de2b4e8d9cde9c3673f4659389cbb08b7ddf3f474e7b3537c685ba575c9c7af13e77d17c74be472a5aeda7b79b87e9f31221435774c6658322adc74d3d066a456545424ba778afa73b09262c76c32d45564b0d590eb6164ac8c12e9bbd2f2c21cce1eac99dd3a9d3add67437c695cf2e29797ae75d7a16a6b1b759972d450d300aa31cb8759c97175ce9d4bd352df2b4b9f1bf37f37e9373e97e75616d9cdebcf8feaf19424b1975ef0a52bb71ae6ef1dfe3d7bd8558d570821371f79b7ae2584ce9c6932ae5d4aec7ab075795e571d2ea297e7775a4b5344bc7e1ea5ce90bfa6762f537c66f0fac5b654540a42ba5541472db1908472425945cdc96a57acb04c7c7b79bf9ff42fe7d346775fafc787af1e75cb2995831d4dc545ab79eede1d7a597635855364d46eb84de69284dd4c72d9e5d989684ad945a9434d2d85b57a694b0e8677da19565ace4e3ae1e7d44a17a1d38f67a63474e55998aa90ad500125588c1a64211e2d2e2e8b22b387db85b6418e4f0ef8bcde8bfd3e76ebcb81cba65c69a5794caf2f77cdd987b349d3b34f6e6dd7129052424a509a2a5994a8ae339cf97067480de6ad668b36a5e34a2cc59ddb2f797af04a972ae29ab6ba1aceeb05ce32aa0008c321a6186187871c60c4339e68cf2c36f7e176b1135e75cdd4c25d2f17975e773db4343cd3cbf46f2f57f4733bc9d45b02ac30d5120a221abe5acc09cfcde772ea2c6b08e359a7a61758a71d1514aa5c56d39d297af6ee7a15a11571ce8ad7477c5d1a0908120688c8d4e30c100a613cd4be7a2aaed976756d9bfd1e7ab5cf6aecceb06f065e2635e7787761a479ab337e91b8d62a9834c8402a8410294897aa550ce7b302661e55952512b131a495aaed4b492896e2ea7b99a994c4616ab9aeb5c63b32d84b25b118b8d0685d1168e39a752571d3838df3f58cab48d2f616f95cdbdb865edc7447466b44b8378c7bc703c9eac18dba599b6675f4adc364029460422aa295599ecaecb4d5359accece7b9c3a9506569604912c63a38df5a6ed56a621002812a39f672d329c5b2850a258058100c3a5a5e682a453a596d1f59e4b54b5ae5797a3ac64edc53a72366b9adb2df2e2d638f8e9e77cfdec4b735e5fa4e9051c83229595a5715ca2c4b2996dd395be776759f3ace18d1cbabca2e49096483561656b56b0d8290caa9651acd36e596c491466d6b442a880ab729bc36b164acb7675b33771bcd08a65ae66ad4b72742ccfacf37b70b2c7b2db34d6fc6d0c96793f37a062bc259f4d9b04434a909056b8c7cbae6c6d195b97d47b305cacd36752abdf360594ef9a6b2ba8120d2db8de9c74d78e8d2924d19acf9d2555acae965cbd1df36c6cf3dd06728df33db86bceb56757cb64af2bd96d14aeb1d60d4cb5656bb2c671ef3ced73b352592cb52fae8cb5d99cf39e7f4272d05b63e83a92150a5771634d289aab9f5a79f4cd9b45c69e9ceed4c571cedf2a7588168592c1ac4b90a251412434e9ab1d74676d2987cedb3acd348196d9a796d69ee4dc9a6b2c66dd4d1639252010a4cb58accba2eb3655c8a997533eb1ab59e666d9ac3535869ace9584aa6bce797d031a70cbfffc4002b1000020201020406030101010100000000000102031104121013213114202230324005234115423334ffda0008010100010502f61a270f7dfb0bef217b4c63f6da270f6dfd35f55085ed325eeb44e1f618bc8b83faabda90fde689c3db5c304564e59cb1ac79d7d1e6450ec8454b571528eaab94bca85ed487efb44a3e67e55c13c0ac378fafb8fccfc976a61492fc9325765f35c88cbd50b76b5ac94a7a5be56251368d0bdb9123b8abf79a271f33faafc8bcba9d4c6b2c93b24f87617414bab7ebaae508d3775f11b659cf042f61b252319230fa0d138f998bda7c17b6bc9acd6badb93649bf277e19eb92174aa6acb66a8d4ec755eac92179e4c6c5112e19fa0d138f16678afacb8ea6f54c1bdf367721a7948f09d25a768d8cda63844a875ab20ac7b62f74579a523b8a3c5fd2689c383e0b82fa6bcdf909eebff9dcd3d0461836a1d7163a704e11db248ada90e1b1e9d74ae5b253f49a59c602f231c8ee2460dbc1fd3689c47c57d45e5b65b6374b758fb69ebdceb861792e822c8f5afba7934cf13914d9b947b69a7beae0d8d981214451303eec7f4dac96c7064c8999fb1add4310cd2d7d384afaa278cac85f5ccbe3e8b50ba4e3de1f25dd4f97759db492c48721bc9812144c7197763eff004f53f1dc262f6121af7570b1e16a66acbbf9ff005a6b650328bd39bae846c88b964f0ebb113ee99fdadfedb7d3669a5bea86e429e626051147cb2f931f7e2be86a3b4a22627ec64cfbfaf9e23634e6ca5fee5f1ae592ceef511ac8eae0465cc4934ac5d6de924670e2f16ead1a592d9b92954288a263cd2f931f7e2be85fd9ae9b3aaace59cb361b0d86c361b0dacdacdacdacdacdacc33060c18f23785abcf2ff008c8fca1cd65106a2d12af2434f26574a89b7a5fd2770bb3f8e712b3f653a67ebaa5bcd3b12f625dd8fc8be85fc23dd2f360c183060c183060da6d369b4da6d369b4b36c55f6736c633474f32c8e9e398a44d32b9c646704664ace973ccece127e9ec65aabe37d52db2aa7b6cf627f263f22fa179fc877faff917fa24a52ae6b0d9f8d6b97cefd939da66d9096d5cc373c3b3a4c9f7893432b9667262f87634d3df4f9e7f263f22fa179fc87c97d7d763c2453941e6c91a6b795654e2a53940e6b44ec9639b2949748b26488937972e8e2b717752a5fa1a669a3646a8cb3e79fc98fea5e7f2bf92fafadcd96cebf5cba36b852d5d541d6ab9d9d64f71b522523259219124bacc8f427876d12fd5a6ab7946631976f34fe4c7f52feffcafe4bebebfd164b0ab9f57c29b1d56736528fa9f090d9290fa98303ecde651eada376d7a6d542a84b59710d5a9463352f34fbb1fd365dddf6abe4beb32f5ccd55f0db66b249dd2c27c34134ea6d0e4913b072e3832672ffb0e8e6962305375cf119bdca362a8d3daf0ac8f96ceec7f4d977c9f6abe4beb37834f1dd0d4d2a35d9bb74961f084e55cbc5cc7a86c5d45130609f6474df62db388a59a2a7bab8b252c2abbc66299bb6919eee36771fd365df37da9f97d16ccf094b0291b8d32c53aa8eeab5c9c750fcd5f58c78cbb12eae5d52211df4426e12c92965c44cade5e484b124f28b3b8fe9bed77ce5da8eff46445f09889c37c2b929459f907196a59d655f92a22f831f68f53189be825d28960925ba4fd31119c9158422b7c2cee3fa6fb5df3976d3f7fa3222b838e4dac592a2db23085934c667a7f38c4467860c089f5488c8ce63d4870afa11ec2ed53e16707f4e5dac84a5374c9aaa870e1932645dbdc62e183060f8afc9e76ff003cd112306d25e98a13ea7f17c60fd2fbaecba8bbeec91796995b1db81cb7707ef4e7b4e6b37b37333ec64dc45e7dbc9b91b88bcf92c928ad7dfce72e831f961d631170b9f57da1d9f7c7481831d4acdc222220facbbf07ef5dece4c9933c23db867d8ee5d9814bdea3e4d538f2ee25d7cc88ae9d51b98ec90e39199c3977441f59764f876844891110ef21707ef5abd1c7264c9933e68be9b8dc6eeb93264c9b8c92910964d4f6d37c7c9ab789dd97c18c7c61d24b8a816bc1fce8d09115b4fe2ec8eee2c8a17081fce0f8af6df5464c9b8c99f62a8ee8f28e51ca3966c628b36339472c756455b44a9dc46b713a899937177aadb561cde07eaf2220bd6b8f656bea7c5b167847bb42e845902085c207f383e2bdcbbd166e1cb8e4cf9f4cfcac5ec332366497ceded3f5592c21f5e30454bc9391fd88f856ba4a2b975f593ef2e918220445c23dbfe783e28bed54d5a2bace5d562b95b66d23d17096a6b5297e42b8ba7535dfc35c8de6e13371b8c99f352f13c9932646c46b9ca3469ed5753e57d9bea3785d59776699b58e3c6b8e48ac70489c84b24b0a28632b8fa13cc764b29f5977890202e11edfce0c6f1c11acab9f1bfd7284234536eaecb357a1d65fa9bb85f98ea2cf54ab8b52d2c651a3531dd4ce264de6e33c179a0f125db8b11aaffe6fc4dbd3cafb3f9137d1928e4e5e0da5911f72b5c12252c2eed2c2b9fabbf06ba51f15f27d9633ff005120444648b4e37ea21a751d6d1215b0970b64a74aed9c2bb51cb87e3b4fb61f95d572e9ae32b27a5d3c74d4f0fcac54615d86965a58463642c24b746d9607232217b353cc38b116c37d5a793d36aa2f72f23ecfe449e5f168b974977c10119c1dc92954dbe96759763bf0a96d511f0809114c8887dabe8b550ae63d1d0cf00787d5a3f1da9727b91a9bd42bd3af15a9d4ea61a6a6eba575bf8cd1787acb6f8d62d6d9bb5764351a67e89738fc5c799aa3590c5ac4217b3a797a7264c8d8b86a74abc6a4947c8fb3f949e164ebc645bf190889556e6474d02cd15538fecd3954a976dba3dc4a128bc1822fa76437e98a122288e08e1928e628d5cbd5bcde73087a25b6d63b9cdcb49628caee91d05b2869aab688cdd8cb6b95929d56b3956c6366966c5a59b34938e9a95abdd2fc843af042f674afa9830342e1aa86e869a7ba1e47da5df0e4dc643de732485645f0bbe30d2d972e54e12a74c223db23c3567a355195722dd1cae4f4d38708f4326464444489b72295909e4d64ff007e44cc8fa38ea5aa7f1d46f9eb351b8d0d0afbeded31f91f06cd14774f591cd56c71242f6a878b38b1707d524aa9ca490ee8a3c423c42256ac7498df91c531a751383b6c588464d4b847b44c0d9a992e6c64f30f4c1a525c9aec25f8fa89e82d44e8b6047ac90889111ff48b67bedc99326a927623c4463a7b6cdcf415f2e99f7b3b31f16319a38e2ab96eaae8f05ed45e1ab5639a8e6a1d885623988d4ea36996a536e544a63b0e614c9c8735c5e4e61b873399b24db934313e9088fb6bb50eb3765e8abccb9846d213fdd91beb25d1d355a9e8a24e99d64489bf02c357cb97499326484d7204de3f1da7e75d57797ce7f190f8b19fda962b2fe936bdc84774794728e51cb3966b7f5d9b96da1e4b34922cae50126e4a3d361b45218d266c14a49630d2c9d9445f381a8b235d57ce57591815cf6c5d846c2896e9a90dfae33eb0e8f85b4a31b48e484764bf213f2db0db37d45df4118c74d1586fff0059fc643e2c647e5d964d6ac6abdcd33cc7cbaba5591aeb8925c99ce44d464786845edc181a24b2291290a593f896f9ed504bf649ad918f5b3b435ba9e748c197116f90aabcae52a631d4a39f997473ab2ad53464fe4d75529d33ff00ad4cf7ea3c9675343cb8d7396e9fe3b51b5f32b4788a79af534c863e0c631741ebee3c75c4ed95cfdcccf6efd60f51ad89fe8ea11fe9de7fa970b532b2155dd6cfd841efa65320f2243584c93273db317437ee75ac1759cdb285ead45deaa59ad9feb944c0a1821145688f09e9aa99668ecac53718c5e3827d63379959fadb52399b34be5b1ed723fe2b7ea9b62668659d48c6318cc375f2262d30e8d8b6e13e193264cf9a3df6b364874ee25a0aa44bf1846bd904c85fb4a71277573f13058449f4932db305d66e29cb859334f0c2d43718d3431c1c23e167254e9dc4d6466e6f26f10a44244662919e1769e368f75725314cc92f82ff00d759ff008796e965e786c921cb2e15ee7a6ab9376f46f88e6872439a3764db270e55c28da86ac65dd0c8f864c99322664cf04faf89c0b51162b22f83ec4a1d73d74f39a7bf75bb7d392c9125391668f55274682c774b4f123a5826a291889946e46e46e3a31d5064b435b27a0923953811e8290a44588c9754ad8cb35cd4852339508fab51be1e69c772e47a23ddee8c36665a35095ce9ace523948e4a3907851694e5c51c93925fb69abc43272521ee37b4731193264c9b84c4f842976b7a0b05a0b05a2b11e1a78798b44e1934d66d26bad0db872854c118486d19371b8dc6e3987305362664dc6f3986e8b1c2b91e1a24748c744a09333c353473a19ea9899e2bd7acb37cfca9fa72d28c16eb2ddeb4b44a13a74ca3760da6c36a3031cd0dc9905e9da6ae8e60f444f4d6239168eb92396cd86668e68ac429085c34d3595233c1b2f86e6fa0a498d1a496649618e581c8c993264ea6d361b4c18306d361cb1542a50a09709d9182be6872c99e8a46ab4db9aa98a3239156ed44650b7cbe1ae89e1ee62d04991fc7413850a29471c77232619b0d88db9318e12eafa0dc50dd6cb2bdc38b396ce592a854ee71d04c5a5b227ae26e25762c87e4675ca8fc8d568a4a4607025a7dc3d1758e8caf4aa22ac9bc0df0c3361b0d86c369b4da6c361cb361b518e365f0ad5df98f5bb2561b9edaa5fae2fa465facd453182842332aab06b6128dde548da63864c9ea66d30bc9923dc7da49962921e7864dc6e62662a63d9039d61cc999913af79e0d9e1baba30576ea2a2bfc84c8ebaa62d4d4c95f0c475916e3afccdead4129730c7b3d0ca33e4c976b2aa56a3f2ed965b3b5c7bc5fa483c38f78bc55097e95894655f2da8c31af8b75795193a983063cfd04d67249a1e09463225a74720e52438236983074e09362a2c678699c8b10a898b4b93c1a3c2a3c24096860c9680968e688573aecb22a6a7acf0ebfd4b4ff0056c17e5a47fac7fac85f9580bf275316bea62d556ce7c0e644dc88c912b122ff00c8d75967e42db0941d83aa48c608c72e2ba0965dbd2b5d21bf10ae7e86b712ab096e8cb595ecb782e18f2c7c991c87291ea302ed658b3bb24e78257b39b26664cea753a98660da50d2149195e6ca3289345964513ba39b2de935d7060c79b2ce64d0b516a16bae42fc95c89eab51710a25221a6169b03aba5d410ab1c11557b4d45997fdfe41909f5ce4ba26aea94a910bcebb716cdc8dc8731cc52f4c9cb72bba4f323966d1231c7a1946519158c56c857339ece7b39ec77bc73e43d431ea592b370a1972a371e17a3d28e839472ce59b0d86c152d9e1d9e1a447484746434a911a1236e078276244e59e11adc8856a05d7e05d5e7064cf48cba21beada82ba3b6d464cf1c9b8dc2974dc649324c7c52649ed8ca4651b8cf0dc6f1d87319bd9bd9bd9bd8a440cf99a361b084707f7a890e087522549ca62d34a447442d2242d3a3908e421528e5a474439a44ef489df932e42adb235a43b2311dce64bff004e19370991974b245ebd16fcbb096786e33c324887c3060698c639109c5992d7d64cde6f379b8cfb09b20d9bcde730e61cc1ccde6f119118e183631542a10aa48d86d308e86f43b9225aa4896a8764e46c6c5047443b52257b665b9598a6852327f326e13eb17d25d6137e86f2f8ff00ffc40029110002020201030500020301010000000000010211101220032131133040415032510422607114ffda0008010301013f01f653ff008e4ffe393ff8e4fde6cd8bf995f849fbd450be45979bc597f02fdf4ff15fb0d95ef597f053fcbbe0d7b77f113fc45067a668515959b1fb37f193f9ef318d7163e4d7e027f39e3a6b9b42c2e12f3f809fcf8f659d8d8b10d1f785c25f80be63ca6f0d59a94342c4b83cb5f817f2de23e783951b89e67c18b12fc1b2cb2cb2cb2cb2cb2cb2cb2cb2fd87942d858a2b1789f064712fdde9ab6761f0684b12c3cfd886bf6570e9f82bd8961f2979fd85e7874e54f0af165e58f8b10c9357fb0b8c5da1c6562e9b355c1b1e58b337dc7fb11e3174f9363e0fc8b324d9aa35fd75cba6fb70be6b084933d3892e912e91a3fd562e29d1eab3d52f83cbf22c22232868a2ac946bf46b0f0b9c7c70797df8406ef2d624ad0d57e7ae2b9c383e28447c0b2f335f9f65fb6b9bc213a10b2f0cea2fd3895db9d70797845610b143c4be7af891876b2587c62ae25565a18b87817178912f3f397c382b64bc0fbf24bc09635451243c31087e08f178913f3f855eff004112587c2882a90b34751f18f63eb0b2f323a9e7e7d9659b165965965965965f1e8ff1192747f21ac51122bbf1ea7f7962c45942ec278796753f47a5fc70fbc8934897728fa211fb3a7c18fbbefc2052d4879cae2cea7b5157f8d1eef0ca66a38e6084b2f12f15f6561905fea234646ee879796753dabf617cee946e5c6487e7115979ea793cbc5763a7e05e70bcf0797e4ea705ed2fc2e9c755c6448a165b175d59bc593f278c783a6a88e57291d5e4f928d9a155f25fb1d38ecf94bc12108da8736377e4943fa1f623d57f679351c6fb917962cb1898ceaf9f7132cbcbf8cc5ce351545e6b12f04a4908bc3cf55762ce9ba8914b09705c2ca4f1d4fe5f95659659d15dac4b8f93aae91e4846b2f3d57f455945b46df66c5e179171fa192eeff21f1e974f612e158ffc3af2dbfd5118ebc1bc4a543ee74e3f78a12ed94774c531493c328ffd26e97e4a8b9155d8d071684ad8bb2a459b09df06577be321128b628ff622cb22345761a2598cf0c7e0eabfc84acfe289ff00647be22922f845de2c6f16782ef0fc958d6c768dd1ea223d58f82d63e89782b286ac7e0979f876597ef571e9c471b1aec2ed22b3798ca9e1e18bb121348642365144e6a089f5652e11ea4a243fc8fef8b47de3a9dbe1bf808b2cbcc3c62acea4083b88de1664cd9d77c3362321cc7dd9ea2a23d4d4524c94d45127b3be7d3eab8109a92b5cbabf0e46acd64693fefe1acba628d21e11b243958a8f50f50d8be56376515ce1d4706466a4acbcb6752947d9bc2a66a8d51a2344688a89fea368bc365a2cd8bf6ef298b2d116752ac722df3a28a2b9d1a9a1a70e9f535629589964ff00c8a7d87d472f3ceb0bb9187f66a9636373763916ca6565a28a28a2994fd85c62c59ea1e57b57eecbce6c875753ff00a22753fc894bb236645f2d4d4a89714398e4596772b165f3ac76e0e46c5e571b36373d41cecdbe3b8a64a35c1a1265907c9c8d8d8be17ecd8a59a3535351c59a3343d367a6686a6acd4ae3a0fa548af8cb0d58d563eb1de2cf243cfc8ee6ccdd9ea33d53d53d414cdd1b9b1b1b1b1b1b17c14da1f51b2fe0f62cbe53e2d622ed7bf65f26cbc5334668cd19a334668c8af7acb2cbf7e85c1b26f298b0d1074f85fb7a946a6aca298959e99a1a8b85965979a28a28a66acae34687a67a6686a561b363b9dca2bd8b2f0f9762c4ed72b2cb2cbc50961965965a1346c3659b0e66e6e6ccd99b3366262e746a6868686ac5c1b1c98aca28af6af0d8dfb30e1b179647c610b2f2c72a3d53d53d53d4371ccdcd8d8d8d8d852232373737373737373d4362f0f165978af6acbcd8e42efed25c3fffc400281100020104010403000203010000000000000111021012200321303140134150325104226014ffda0008010201013f01ecb5ff001cd7fc735ff1cd77923131fde6bba8c8c87ebe24117820823d0c7bed7e2aec25df812f45afc24bb8fb91ea35f88eb466664eed7692f59af7d5eaaa765f8cd7bcad5bdd31d9e8b58f6daf715eaf37c4c48b4eead3ef3ee47a0aed2b266569bd3bcfe035edab3f1a2a64c477a7443b2fc182082082082082082082082082082365a381da49b45a9d10ecbf695eb765a49365afd0ff0069e9c9e7b2bb14f8fd87a56a508e96822e85aa1da95fb0f56a1ee85743bd285fb0f56a492748d9de968964febbdab5d748ddd995793e4a8a7958b985cd4b139fd45b3527c661aababb2b1226eaa749c7c997e83649221f62ad15d5e4e4f2251ad2e0a2a95f98c5677567bd5d9632af255b70bfcd8b34459765eaacacc6a4655b71387fa7513d777a2d59231ed489f4f79fa9555d60a77aba3266e85aaea55ba38ff8fe8d6e114f9174d9953eb7813159598bc956e8e2f1f853d89df9d94d96b5781ddd450a45a55d7a1f7667d6a8e1f1efc189898904104189898989891af33ff6114f53c0aeca9f41e9c7fd68ed5098d4952d51c3fa3cbfcad4f4a452c5d2f53391e94a3eba69592d5457e042f255aa387b5538d3243e748a6b5578b3f71daae8ad489a324277ad8dde943653e67eae8aeaff0061f9334c7112523d51c3da6b4abc95224a263a8fdc76e5aa29bcda862f16addd23c1e4e2f078bf2f91f8b3f07d0f54709377e347b56868a695ef3b57564f5a3c8ad50ec87c0cf8da28f079b79391cb2afe856a87aa38bb955507c85552685d6d4d9fb9c9542da8f2218cc4542128f02aff00b21547c4fe8f049254beee9752a63db8bc76fa8d3662410d0a44c9f71953977822d47910ddd5f8ddabfe4376641021efc7fc7d25de5da820820e7a94c2df894b3c1539db8d7d9249e4a962cc999a1343f03de9e8bd25df9249249d169cbc98a8ec70a8ff006654e744ad4d336e4abead272e924ed4297f9086e04e4cc94c6e06a5cb2074c95531af851aa189c0eafead16e4edf12fbfc8983f9329e85566db234a94592929a22d168d6450cc4c195f1d53243ed52a17a488208ef4a3a1041054c924f2b7aa9942128b21887d447255026494a75be851c54d3a55c74d457fe3ff00435bd2a5fa74ddf7a08bc9579bd0cad7512d69462a7a5d523a45498981571e460d0b8dd4ca562a37e4e25595d0e970f6e2f3e9d264648c97a6eeba0dcb15998b318b60606241045a2d0251d9af8d568aa874b8234e3eafb31d6d5648cea3e4a8f959f333e662aab7f42cc499041041d7bb041040ef4b1a2915245e3bf26465a7271e48aa981a20a3fc795d45c6a8f1bcdaae9d4af97fa3e4757420f8d9f123e242e383144a465eb35a53ea4e94e95f1e47fe6ace3ff1e9a3ab1d254a36f9a4f911f255f47fbb1710b8c54908e849d48208ec75b2b46ac8d60c4c118a23d7c994d53a2636882b5d76a38cf890a83147424ea4766074de4c8c8c85519a3e447c88ccccc8cccc9d64c89275924924927ba9c09cdbeedd2a478393c6ca0927d084628c11f1a3e33e33e31d260cc0c4c4c4c4c4c48d63d297d8a354ed5287ac7a928c919192334648c90df722f0477649249da95a3b2654a577a4c8c8c8cd192250da3e447c864364e90cea75b4991919192324648c96b2667c87c86664489de49464644f650bb15287dc91bd2083a8e4822d0622a0c4c5108c5188d0d6f2666666666487a21243249ec46a911d9af48ec3ba15d2313030313120823581a313030303030303031234820823b106246b0243e9daa9e9ffc400341000010302040405030303050000000000010002112131101220412230325103405061711381913342a12360b104628082c1ffda0008010100063f02ff00839198292e0bfdbdd409f9fec8add51814aa9c02355c5fd8b966a893a250c7ac9f6595dfe3fb0be9f877dca971e4cb566baca565820fbfaffba2e3aa234d1666dd03fb985023d7a3b6bb29ed839a6d0a8bd8a8dd676d8dd16cd0faf1384eaf7c0fc2fb22dee81dd3bc33bd965fdcd40fae43755e7e17495db414dc3de537c66a2c16bfadde112db61450e6e17a2ad574ab6910823f2b2206c4207d68054c0611841aae9729c874b4a620e4768c32fe3d6ab72ec442e37405387485b0c4e3f74d521387b2f70af63eb25ceb0463a55309d82b604f25a9cb36c7d6ca0e88ae2ef950170aabb0aa9d11805f4cd88401f7082940fac3a5177ed65539d87b147315c2a8c4380d546555d41348baf70537e511f8543f62ab43dbd5dbe16d287856005637d15b8a14065546a1edc86a08f672f70b3b8d360835deb0d7ee9be2cf11d128472c20ff00e1429734fb2cdf4a0297442a6feac29219743c46f4872e1108c6394fede4c601052542c934ecb2e5cc3dd55b4f562f3fbd3f6050cc2b1a25a55b950bdc2f7454a93ead26c828da6a9d3bdbe39d3870dd42f6d13b7aa4624b36a611b0e5422be719d10147aa926e5494ef774f3863f1a33633e66985fcc83cc9474ce88d9b87b797bf9daa8674b7751e42344f6503cb0f40237e40c6d849d2308c23be1eda07a888b9f2df0a02afaafdb9b3a6ea3cd9e6c7923ae751cd847942f3b2f13c7f19fc0b3b6ca373a0b7341504195c06bdb06bbca666982107791aeaca7ab4c1c2101ce0d94cff0047e159b7f95945822f63a00b22081900a9c5e3dd12b3219aebe39a35bfe1167263bf3e79cdcfbaeb0a8e18020df12fdecd5f59fd4e5f49a789c8784cb94183ee711e20b9a2ee817bc67f7d970383be111ce1a9cdeebe0c153e52ade1ee354953ca687895490b83c554f1137c076d65746a8071e16a9fc045eea92bea3ff51dfc617556b0b7d916d8dc6150b309868c1de501d9c865e450727b055aa8844107c46292fcb3702cb3782e0e50e107095189c6d85f168f6d01cdbacd550eaa2fcb6596107504a87f899951e81a516ca057eea615a1640df95943566ee39b1af30bb546b9be14ca7f8556387c2be32db2ca4554bff1a4387752380fb2cd9e4ae2672eb6c23b0d25abeabba5aa074acee1c2d43939b9c390234cca916d356aeed41a2ca2c02b613a0c28080ec3021ed12375490b8482aac3c973bb9d199b638067874eeb285115dd37e794e1e50319772c8d6cf772cc36d13b2b8d155c2543da9bf4c4a9c63186dca92bea1dad8ffd7008c5c29ca17095514ee15f0e20896994e7697037c739e96a29bf3c91816f9361408dd16775455510b2edd959528a0e345dd668a9d449599554624f6a60d5088db190a272ff0085508c58a6f87f73a4c59506032a299f3c8189f7f261420503b1504296e98371a6aa96c64acade91a28d257e9950e611f6c654c989d11b140839bc3ff1838e929ef3708b80812b23b75d6dfca67f502cad78275e6ecba9bf85fa83f0b338c9e6ff004dd057ea2fdcba9757f0ae3f08171c042cbbb7583f6c63652b28b6046c14a0d1be8b4e8ab7f0a7c3e20b2ee87b63559b7694e6ace6e06ba28d0dd6e8ed855f1f652093ceb2b2e20d568f85c2f5966d8c8dd40b6b04dd4050a1a1490a88aaaa368aa0a81c89b3bbacaed0e0bf0801b1af2661428941d7c2eaeaf8f0985fa817eab557c61f857e6c1c2f89523091655538f0b495d3fca1f55b0d4328853c8b2a085c25546b837d8a2d75f414f2ff00ddaa54a82b8848c23d95b1bababababaea5d4b36f8582a1551caa2d9752fd455f11169c28b2b94850aeadc9b2b6aa8565c257529be891d42ca0e395a408dd021f99bb6a8c3315902cc57d4e4506204d95caa35749556ab6351cb9d195de5f88acedb2071fa8da1df0e907eeb2b9b9692a1c67b6aa61c454eab726eba94e7c2d8d02babaa8c2ebb85530550e8baa9523cacb9d0b2f843eea5e6546ca3b2729c33eca8f2a73955b6de5aebab55555708d745c2571b0aad1752a146aa02e253e4789ca3c21f752e713a4fb844140ef0a0d8a88a2a514b6a01afb798bababeba68ab554636565438038656d55974aab574ae92aaaeba82bababe8a192a94533556d71244affd09b3f950a88cd94ec7c8df5dfcac03cabaea2bacaeac2eabc8cc506e34a2ed84830a7b7f3e524f36fe5ada6dc9817598e88c32e5fc9590f4ec88f56b2b6ba69a22a3502a7b21eb74d545553bbb9057d94e8fffc400291000030002020202020202030101000000000111213110415161207130814091a1b1c1d1e1f0f1ffda0008010100013f21f8218c6b9091f0b94c7f0632f09c2e570d727c2e1f08641220f85ca1710842109ca10411084f83189c1c9f15c318d14e0d3170f97cd13843f8342e1a1086862e19df083110684883e171789cc20c8272217e1b0ff0318c653834c4c5f063f8220f6210d70868ec5c209c33be0b5c172b864c897085c32107c24217042fc2dc7f81f2c653835c51f2d946ca370c5422c542e3b170f831b25123a1b108625c312f855487e292009fb11eca560fd764619b4327c45f874371b2fe27cd38f5f141b85a34263716881a8fc2f0863d8b868421b85c21724b8c535f0425fec31d9b1bc8dcf44270ddac72dbeff6221cae89eca3df621a1a917c1085f81b0311b60c1f9a9c2b96510b189d2085f162189f0f9689c92e2f2684b84ed3f59409d1269944db0d485dc353c62d3bdf42da354684b5cfedc09334eaf80be4d91e14ee2113f3d1112f0d8d97e327c3e170be0317c589109c10f87b84057b1b1aef8431bfe82c229d09de0b02344a9bf3ae8e66f7d7432e27626f917c5f0d8aec4af917e4b22392fc279131b94c7cd131f087cb28862f81716ede5a43fb43a36455becebe1ec10606906d16071883ab3d1be7260957d7bf44b3eebc143ab11ffc0b62a9abc172c6c80db7e04a70d06f3f05f96c881ae2c627c0865f8c10f97c21f062425cd7ac28b0cc49b45b655a6d0b4d0bc06d50b5c5fd17d524fa0a3b27a1423d88cc65dfe843ff00087bba34fc8ab19bd41860e457ae2b96e2cb70aa34e6de7e0bf35d1131e10dc27c52f0b95c5f8312e1fc0b84b7d997ad636a7dc046a1b1313e296f4c393e706bf962e9e20ad692a1534851198c6d57fe066bf51ed767f400b889732e0aef81e02c7e3b7c17e798dc1734852f09f16178a3652945c5e188a2621b2cb4ebf464f84931a12886bb6e21bc7641740b8596dec4309af06d0d19e18d3cd07d3cc7fb3b9898b13c4ffa15e801490c0835f1a8e19b7e517f01a30b22bc132944f84c6c5311f25caf9130707b7e11f58934126d62b426581e46e545058215dfec127a7f42d6604c2378905aaf2c6df990bb3d2173178896eea4a6ef1cabb3d908cb10f390f8ecfe342d71a8cdc544f84f85c2645b2f29944fe6b8451af157ec780d916a9d9095b337c047a8f5adb2e97457a6f8342174dc4c745d198206b47e8af227c388ac36f6506d0c5e8298fa4bf418c98a3e5bbf8f0258ccb04c51659659457c286081822a2fc14511893219a1e8f623f0e0cd336b826b84d191dbbe51767947da1874fa423f2fcb24489326afb30465bb0854bfa3e8cc34de88555744f27f4253d095f366de1b7f0ccd0e85a30091088888882082082092492082082092092d88bac7acae1b6931d69b85a658451367ec8a09a4e9097d9212285c63d62d1a1ec7b3b17ea0392795193ba67736e5ff00627526bf06ce1b7f0ccd79285fc66272f2aff648a46eb1db112d3ed0d588f98a7b4742cef6ec9a637e89d368578c19280f65861931067fa46a3a60e4d5ca6095dffdb13acb7a7eff001fe36fe19f17c2d05fc646f25a13ac472f2581e763772376f5b1892ac83b7ec6e7fc0567a383116a3b57a0d91b03d6cc23244d2437e81d1482b66df91fd0df237d0f76ba0b0d71dc069fb2df866df05f9d9b0f89a7f19e865f7371b7aca58443a5a149ec82e211776a97026daf2a56625bb3d1d345b0385c1993724f01b29e877e83448828abb8d3183f608b6f748b7e10b4be6686df05f9deb81f174fe33d1875fa79159f29e3d08dadaec7335130242e9ed09cb24d6d0dbb361983714467c0b0be076b2f2485e8787b27078b1b74c54fef7c0c6cdbce18c94274f2ee105a7abd89d3b9a7cfd0dbe0bf3e9f0d74fe3a8347fb1ec905d12fa0aff42d06b9ab32dfe388b04bd0f7a25d90d295d0a26d2e3fd812ad7dbf22e62c218dc33b479dbf4ff4625e83d300a49a831dcfb134f5f25b7c17e7d3e1f69fc2bcd148df8549172d6106c2cf82581d946b931919844662ca1b35fe46e0b9363a918a4c89a6cc0f935afd1ecf288aa506562e23cbd09b578ea26d18a4f7ce819b7f0f4f85cb5f9a94a405427c66b1a24f0a2c8ea3f5f47b093f43c23a64fbf63b28fe0d0e0d0d71ac0c9789811a91d8345ec4f85eb80a30d6db31287909aa67ba684cf633d4f90d0336fe3daad7e5a52946c70266dc5cd4f4c536b7daf0699545a984ac192625292595b3a1f2d382a20ce044d4e182da4343e93ff830188dbfa1275b9d1294feb9e9914a4d2133628b8d03d1b72bf893ab5cdfcc98e248784a20857e419189b05729d7d7a1a3c1585c1b0f959c8db6531c5634bdb8357e30c75096488fe9ec758162fa1331b7fa5f6608278a6343fd9c751e8db95fc065d8a04c1258431ad19ae461f6a27f8e09814484204844e6375e991b66d8c62db19d0b626118c5e7c569e83e2b43ada5a1ee742f02e3d1357d3c4160c0661535fb9f62b5e8cb74e0c8d0b790da1e8db95f8f071694e91ef1f9c53edfc68d946291308bf85c16c186893e15ce92f2c9ff00f2662453e086b86742c6a30c310e84cae8c04fdcdabd8a8e53c8858b8e8f20d98b7e2161fdcfc999a9a19a2a2866dcafc69b7cd8d8c3e062e4c427c2cbe34a51c42aa99128917c1e6f318fbe846967c67ec66f5ef87d8f94cfd899f0131acb032360db42889c91a1180d701f863b2c136ffe119610b75ffa216863fd225af468336e57e3a3fac97052fc030c363651b13c8910441025208246889649701dea2c5a2e696ebd8c4cd9cb2447d0f436e25122d9a9069f459d625da5b910d79aa44bca3bc9e0f03a1b1164a99931bc3d2428e03fb1ea23663d387a36fcc4a2f269b4fa18723e751be18c7c23e11a1a86b89b3ec4e8770d76e2988c4c63e05d9d0ce3d0866df6336f435141938d205c710733141595a130c9b86af46f5fa3182581d33a5bf7967f43009811d8ebc3d1b7c978b7e6ff006b23e12744f9e97863e32bf8b4fc24c183e1c8ddfa44266e0967d0c93c7c74768526fec4212495651c44b66874ff0066a34c43b444732bb305b5a1e86a7978e06469cbfda2e0cdbe0e8fd8f6caa50f0996b5104824572c8b2316155fda08ba5b6df0c50fa66064fe008a14bc32910a28a2864e2daf33702d7b99fc15a517e1186bd1e262da3ba0c469b42c6ca2704b83ad170ec236305e219b7e85c23ae7910868a79a39d9e4cff70436f809cecd84256e2e529969e1796565fbfe428604ec7ec6bfa1d4858ef9769f267f454644822eeb392c7b5219428e19704314a51b1965ec968c8422114e0a9d7c8a36fdfe1a8f9b03484b1f1357d1310bc3441d1702a0849d84162b48cdf90b71960d63c10dd0d02b3b485977fa13e0a10a10bc3770d02bec559dfb1b5766060eb46b1d6c5a6ffb1e463bd0df023dc3f485eb5e6c3ffb1f3842750c753d3c8ceb6c82ebf6ca7bd54347be4b7042294a37c2792fbe1a70538e845bc2fd0094a7caddc33c30631aa499b1c0bb1a70701e5e84a766fd0633594f4d15f40f0a8db23c2932f43ddd82dfb8e74cd2f91cfa3c61384266f4858f97b14ab8b0ff005258e72f4fd9a686bec69586acc51d7fb1dd1e111b92ac7e060b4de90344a04c0a9fe9e0d13dc5f6f08b1e22ddd26c6bd9d95544bc064f469bf7c437ba6c27226265297e0ec7c16597f06e3fee1b0914f95b84ddb8377b3f67d119f05f426399a8d0c9fec1dd1fd999d8be991e982c2f05badaa07a353f0b030b0ae9ad133792da5d8a82c286f248312e240645dafd0c8c20d82eda4334e3c112104fe44e3bb849a663355ceccd4cb43d8aa2ec62e8122ad2c63bbbe17a3552fb4371abc1a47fdcc768193967a4c6dfe6623646dbc935b6d8e84f61722e0c26265297e192222081539cdd8545077acaf95b46c636c7847a1fd511161e8c8ff273231fb78781e8d887d528edbd8ec3410a19144929e878130aea689c466433abf2b92bc5ed6d1bb3fdf0899bed8f89ae3df04e4c78c32492f9215c76ae8a66d085cda32802b91098ebdbe4da71dfb1a917d1ecc10bca4249f5c5b1b1b1c6c9955fa213f0fe0c2114a5f8fd83e1af344c4fb1aef878635c9dd9eb29a8216c3d21b95abcf7c0d8fd97dff663d4d0c36ffd26d3996fd1197a087ab0c762d0a0d4785234fb909fb1b8875e8c239a15eaf1b2d0e5bfde35707fa3fd1fc98285e64105be348c5c47e9605cb7d42f50f1c662f52d072b2aa21504e8668f5130e66335e0e65bc9f4871c8f8265294bf182c9bf25d072b91d2f81a877c810f66c33c8c149b360767fb8a9e53e193591a2c20a9767b26ab9e60ffc842a1b12b3c171180428513542b678f7fcc61d9ec2ff00710c425793340437737df677846c57f6074de13e9e0a47d2f94631cde57832b4722fb627c1703bf461bed0d42282d3f276cc55e0d3f8618f9de5110fe8795075e31ce24262652944f8a2e16b64793ec7d85ee7d847e14b30d288676968b5b35969888b4d8f6ba2f4ec95a18e727a197b5e9f9185394374f2219e1ec54322f00e17108de448885c0d7e218d9e34978177317060f69ed266f081c35fa18875de8c7df9228d2631817b5048d91bab96109993d24e4fff008c1784ca296ec13feb0f21e8dfcb96597b3ff83d1b3918f9d2fdc2c0bc0c33c5866d0d714a2651313e171411084210b374ff00c122e8891e93109909e26277bd89cab5c084698d77d811fd16605e5a227832b8220c4826a1356241b6f37f64133d0f6d1febf23a67ee82ac31e08518ea966d1dcbb0659e4e99191bb6853c3534f2a002f1d19ff09c5fa13e2944707b4cb4d356989bc1817d980d4ad43d434ca83a487e0f83716d5edc2cc8e12e53504c7c52899442e1146b6a1346aff66f5b7d64a237fda1048e64ede84a4a2b566c175cd71672313250493e49217e6b21bae0b304d269b15950c53b1d885e091741851257d8db53b0842b71215b6ceda7d8470518970a7e706646f4762c768a80a3734ca8b250b6f5873d910c5ff957fd96ee82bef48a2294a26afb2a34d8627060127b706ec6a5e98f91b91aba65e0595cafd1559bd055fd10ed0e37c88209898994a38a76feb831c697bc9e591e7ff791f7531163da5c0dfb30fdad30a27051ca2fb1043c63175de2d3fd8bd99f03ab028d1391d03cb20a1b80888697e848b0e4db2cf10f6c64cf1252d147e820ac2235c2a1145ee3370c5f76297e4cbab36f03db924300dd35326b4d687dc3e6137924682c2ccfb67a13feae1546578097a35e868f4c71be0820b8082149514f13cf2344a269e98d18a9fec3b20c38404d02d4e0bd5302639389e061c0cfd9fde42e0ab34e86e75a1239081f7236683ba86f46468591a79b89dc0dc3463fa02a8a273af0bd9576f24086b214a5e67aa15356454f519597b13a145d656771a2fcac7e763f306afb19f610b6e489560b7958fd1eedfd0ed6cce2a37748d803287fd604df5f6257a620822b925c9a6d155cbecf04beb8641d505db03342d6edc7a86a78ddd4c67737e5f2234186596e38ecbe998d772abc14508ae00d906e7a4f604418c918ba0d8ad66e09d3606b0d73fb52366728cc5b7490a5288a4b00db6045751a0c80134d0d35fa28b647142d2192ec5359fae21c3a494d8904740c32b195b607dce38d5479344e81bec43d333178561b8c64dd2c6d8e1d0aca1e32b8853cf67621abc70a0f632cb2d8829ec49e05c365962099f5c286ce884922f52914268812f0d1dc8c14ff00db40af6859e1062bba41b69a1cd58d96a1442e7c03238d23c7a6f0a4308e9c60682de857d12f7921a4256142710c63437c86b245875ed47b0357d31291866115a46aefec9ff02354b3812a928c31fde2c9e898aaa18e8a9e30dc9470aed33222d625621cd8ef82c57ce75e82282512885c583fa11ecb65979199ac77228bbb62886f4876eec89ace98c392ef3a1deefd886aab7b6626cf7e131317092386081f8a3f40bcd92eb96c61852e87fb1d807679745817a95e04486c2eb07d10d8fa1b7b179872c6c6e7b1cc362bd838cad7862aa7de46e5fb1a44fec5a922a1e8282576db1692f64111084e7028261024f8355b6502115e0f6e38c68a590435633bcc30cb05295b30a1201346994e147fdc02da9f2421086c71c8bed922138bce0a13d88201b8d6fa14984075591e78a4ed8c534ea758235ee1502c2bc7c4d8b2a6b2072d8695b1fc5810db63d00f545e17f67fe94fb85dc0fe8d735a3a0899d04e0bcc34b623ad9757a0462de4caddfb7186fb10612410e4a42268d2fa432a72e3ff00d91e54a68291b6473727fed166adbf7b30d4bd22170441114a53418c6c65eb43ba126d84ab6c6502134a1e494e1f00bb04304f23d85886e38a8142230606d7369f02d4427801ee9e78d709f14ad30b53fb8d3879b1e38c2b74bd0d2d0ff02ba1e1514f4a715229b888bb482f66e1e90db4b9363c9ef4fecc0c65a4dffa6762dae8c367bae8af46f34d7417042a28de0cb263862d8db1de07c12063d0dfd4aac35214f052cc5c2231f0063a623a0b3d88fc40a648adf06786bc7eac872c8e88ad0fd78c12317d23b20bc2277435ed0af1c23a8128641415e387785109abcb17e70b7fe816a3248b42b6ca7b4c7b23bfbc8ab74caa0f32a1e0eb81071ca8968f21f1704081e33f23be4c9e39fb810c410342ae0d570bf8102078d5885e5ac0d210c6a48b7b069e488c79063a1a3c03f10e34790eb84c222f01e108138a3b41a0daecdf60dbe443b2e75467075b2e20f74f2338ba3a69b54c9e1719674f61db43dac160d878428ba12998d994185a94fb95e4f3051c721748931a158f04be2765e27c33c0584c58821067e77b9e0950842df4267457a3c03a820820541a4ee8ee873e02b69896c47df9843b20c926cc0c32507e22a88d079c25e4c17833ef7923f5812aebe7ffda000c03010002000300000010924483b8be050278044daa309ac6e0ec05053189fbafdebadd79870e70001b004b22410f7c490d032cd6cf84e2ff002e651c64b4e90913e1138f0c00224153fc804edf4dacfb82cada1b919ea1a32ad0d56e007ae06738a8020c80649e481106c4563dbc36016c7952b01f5427634634e5e16c2be8041341397498287b0cd75b34dcee03d4679244a67a92b845ef9cedcbb2450a422e4f801cb20bb6458d8f799d69e1db277213f3bba99ebb8111248a10a01cd9d5aae97694883d847efde43d60ef6f745a1f4bbf598139c995b12903f6d550422969d232244cc9223a97d850393e3d3e5e9378bd93636ec80dc9436b1e46d3c4920e521bb3359720adc40c17b90faa177326c690b681ba748b15eda44e677db6ed9b4680db18043224202a1b23e76c8d36a484eccc138a936c94ccd76fdb1648d46be0da6d23f100786deed91a6ddb401fb3b2f926c4c31a28ff008c6dd9e9b8e664ede953d500c98db026925242666a33018658de97efff001c18196026a018e365b4c0012fbb694d36cdb01f925f133a69369b4bd3a7b4c1e680476cf3d1280018aed6d21a6d2d2503ed4966092cb24df4b77943c01e59362a16b50001b47ead8436d26ed80ade9dadb6c964bb7df7d1770ca0c044aad725009009db49084d36d29283fc7f5b6c843cfa6f74d3b2298b559aec827e700011ba92929a6936ec01a3dfb6841a69349b4db4c4bf23b210415aced800373525253693694b480726db6934d369b4d7f986021d48e74d3ad80810677a485a4d349b72036a4db6d269a4f6fbeff37caca34aa3dcba6bf1408c9490949a69b48da2e5ff00ff006fbefb7fb2dfef97fb1e8662de60041e401fa9212d349b4dbb28527db7fbedf7db80a94045090645d2190069d5083292525a4d34da4adee924edbfff00e4dc4e8a5b256e4a9862bca4e9ad50f7eca4949a69a4da8a82425b6ff66edd0fdbfc73b887110c8dfae27ad16f5b4929349b4da6d53bed7fdffcd969c8611b8bfecf89205af6269673dfb692526d34d6f252290518d7fb76b08258d17b6d8c00bc8ccb6c3d19af6d24a49a698965b000461bfdb7631a84956708c4de6fdad69e381df37eca494934dc6002059658f8808174c4594f0cc452cf7054326193b3e6fd8496926d366433504181aafc31efb85fbd6577f6eb248b773485ac49fb094d24da7f8dda4d140aff00e076fb7c2a3f525448881cd66de79bcd1252081489dc704fb49a400c6594f9f7f80ff16df4829521ad171d77e6268427771318f4174a6d920bff00c9ebeff1fc16ea181837e08c6ef0a4a83f11db36254024122cbb34dadf1395dbf37a082896d1359ee5ff00e14c193fd7bd621e09b49a026c96d808a7dbb6e3f1db490be9be8892078e5f348db75bbb7df9324b20804023644efbed82cec49da2798b2d73fed8a396f6b4a00b8c66cd825325fdc7fc8db452e5f730649c21cf875adf3e36653afe491f0a844ba48276e3db6a527b459e66d416341dad13418048de73ef7272b41bf966a52023b07564b008fe99e169231fbfc3cf5c68f8ca54f102a468b65779ed27fbece904828021e89fdcdb5fb4093063cc9a3d31a0fe3ad895eda5fe644a5ddc8991cd3b68fad24c0d37492c0e97c97acd6dd02b88cb5db4df3694b642c1fd4e98b87d3fb8516ddfb4e63a452338f2e262d239598edd470abf82714ab2e05fc214f04ba4e78b8caacc9aa3b95c67be32e97c31b225c5f017b3e5df2c0a0255b69d652097848b9d34c094e2cb837f337567f4ac78c65b7e7b460d75a84dec14a907288fefa2d9a6ad5cbd59192b03e957389bbcb595376749216d3df4a19f300dbf0655c7629beacfe3f2c0cb14c61863d265b2d23ade5b14c536325ef83aab0a7665f67d3e55e3a36a0c68232aaca57f6849770a60e5b22c3c5e2f8265af5c4db47f96506a1d50412575efee320809a7cb94a51b5a27ad26d209d89263aa0ab536c5974661efc6374f2863e35c06d01edb9e060f37a19b64446ebeb8c467777ea460258f9c5f1b80298e41f073e01de657c491e8f28c9d74115633c8d622ccac5edfa30ac06c0d18bc293c44241427ffc4002211010101000300020301010101000000000100111021312041304051506171b1ffda0008010301013f10fc3843bfb4fcb7f55fc647e4c2f7f658fd967f111167f843fa6fe267f1111fb861c0a3bfb59f333f888fd137e27cd365c3867eb64a13bb50f70c0d9c67807f2116e4ff00a703ed96cf243ddf71e410134b3867f0041389ff00386fc7c95fb97e3b6c453c83f908f5626ccfcc3862feb07ee9fd6dd76635956326aed70ef02c3d235d30c67e41793fb00fddfe3805723ecf3b210210ed991165b1d4fc0209725e37f5c397f649f73e5af7f07866bdbc3ef83b8d8e720bc96db7fd5bc23b98f06e4938bbbb5d16670f510e75c1eb780bc96dfdc6dbf8561fce4b7abeaef7ab062413c09ed9bf8da1ee4d238decfb1edd1844b34c6c1965b7f749bf872cfce1d4fb965d78d962817ea467b8f218c7931ec7ee645fdcbfbe47e40b8c58b162c58b4b4b6db6d8edbc4f936b7a8fd987f6f6771897261e700ea6fb2ec4bb8bff00bfc07f99b6db6db0b2b2cdde3f5749b0c962c9c3f5c1bc5fcbea0ce0d0ff0067ddff00267b6f79197fc2378138c9977f00f7978e470717fb33ec9bc7fe132b05db2670dee647672713ecb8dee376782ee6624ff5fa9b6cf53c7feff0583b6c20f85da26f671cee3cb3c12d77fd8ec65e393a93c2ed0fdcbb67384b6ce19707def0e6c7f495b8489feb7423b323724e76cff23859e1924df77ddd1921b09ddf7e41bbb17d327227bfe9e5ea5bc3c64af48fe569fa8d59659798b0d86707d4b127bb2c2d3daf0b53ee77fe806f0cbd47b2ea5e1f82d10f1979e1f6e8d88ecb31c6ec5e020ea4b2324fe431a33fd030f72707a9b2cea7951c30ea3f978cb87fec1c07dcb11c082ed3365fb07eaef06386cb02b064df57a4f0472394938ee0c4ad11d38926f57664bd67ed1b6db6db6c7eafee9f263d9bea1c6310471d088bd6479748d1b1e5e386f5b74861247a931fdef7267e904c50c024872d9d591b2d77cf61b74d383ec7906a127d27bc05967061d473f78b197794fc2e91f17321e22ad999e33fb16ceab253eac1e16f8dedbc870f64a0c78387825e3f4a27f29dd963c32ce32cb2cb2cb3e3b2b22598750d9ebc9f78ecf5602fc04c54fb9b2f5ee20f68ee07432d8b6533fa81fca63e58c7c5d10090dd49c64737ff006fea0f53abfe599d702bab9034e570bd91bcbd75058ff8dd99310bbbab853c7d6f67e97d7ee659c0c37847bb815bea204fb10cd8e56dd8fe626cc801b2d3b6a7b9c0870cf1eafafe1733ab56be4fbce5927eab1efe03ce082300745bc9faa19db292639187b6fd361112b364094e930e8e179c601ea4346c68472785ddf5f9ecf020c3e4137a9fc87e07e4479c771f44440121c063d2361dc412ce0e89f46759b3bc9d47b884f080ecb3b89e0d9149f5b79f5c31c1f2393bf56449fa8f647c8f381c7fb1f01d5ea3ed798b7203b6f50ea3cadb7a7d498d20d7b9e9929d61f7c65e625998d67ade8b5b5b6de1419f16e0daee787fbc7bfa8b08f897d4a3fc82eb863806de252386cf917d81511cef07bfa9012026a641870b061d44dab4403dc3eef0f8ee591b636dd42679636d9e9965901f2cb73f50692f8902f4443016960cae1c53198f6706f5211b076b5060ca349b276db679337490f524f6670c99677f95783f51318647c339a7df0073afd3c3b7bb739d785d7386f1e30d32106423485808b8b65b8e4ccf05d6b2d1e72fa998383de4f833fa1965904967017b9f2d8e34ebe5847070ebeec0ed4ab2ee31ff0079cef78b7bb0f5256b6eeac9dddc2cc83467d83e32e2bfade24f075e32a602dd9e32c97b2787ce0e08f8bcbf8b791b6db6db6588c25ad594d1bd19b22797004791f0f38c1dc763f5e1367abea50d66348f62030e043d2c100528697605e06fa99d7bf7ff00b63ea7bdaf02493e07c0e0f93fac8b20e82eccea4b25342032f70c28e900dbc2406b6f2f569709e91a5b85da18b260fac87ac7f7b2e184fb8c6ecc40e92ec83b9f5bfcbc2fbc0f54c9f07e01647c97f4006db913eadb6d200de20e867ed75925c8d31c7b5f72ff0065ad93fabbb097574ebdcbab62b262699f6eb77abd88bc0625ceb08e33df09d6419d4198feddfb3ed324fcf781e76de7a16db6c41cefe0f562c489cb2e80b647ab236ef1bba7bbd44b974f50862e4b0901b006af6c0f6cbb253042b2174b513a2938d861b65b3d3940965f65bd5b4dfae5e323e193e4416377c0365b7a383f9b76c3a3978db7e79659c1ec7ae3b2c98de6cbbc98fdb34d53d6b74f6532d94dadafc04792fa912a67821b6d816611476f2c0926d9f83646474c4b3b815ff08e62ff00b497dc83c80d86d808a4d8b2fc0f86db09962d2d201dc90f673bd874c068bf8cb71b6bc659c8f02596596593a93c1c76430ccdb7d4434e1c64581dbff250db7bce32a0b7d2c363a12d0b24a9856d3cb4f64d965a73336c5611bf7f05b78f1ce458f521b6d821a5b0fc32ce36d99b6db6db6db6fc7f94bf76c46e8f6419bddf5a10168696c30f3d7c9fea0bd6f412fd4afb37562bfeae8e4df8e36a30fab23936c04afe5dbdb4e136f1b6f0116e549ead667c76db7f36417a13a8eec72267c9ee04e7a813ae461e65cc5376d9fdba386bf0d86db6eb76e642326f32678a59873fd217ddb86456a51259c0772d04bbc61af5267cb2cb3f101f7f100cb54f4430ecee4d05fd3ed93e03875b2c2db7f0f5c2da4da3c78c90a3fe267683ef8d0f96ed44ccd5d89bbb788272312efcf6db6db7878d81174f6030f071b7997eadea1e8dbdea43cb5dd3e1830dbf836d9e0579596c2d5ac35a7c80443f1ecadada22e2c5bf8b2ce1ef808e7e82c3876c25df531589be33c1f8c1b6addae2d848334d375803032c272d2c59b162e9b0e1ab56b98596304a59961b2f218e1890b095bd434a2fbe0859659659c62752e1b257864c861197c2400c8b4e5ef8de0c4c1b16c6acec241ca994810219edc009ba6788ca2966b1c91612192d89af4926091c36535ead3d8a1b175ce59672a16a5b09126ffb7fd964cb6dd6c861c84098b2ecde0c8712ce2cb3e36a17063cd1bb36799a4e52860c1b3020b05b6c5a599ad5db1f3db65e0cde105a1767724c9d477397dcc11d36467237ffc4002111010101000202030101010100000000000100111021203130404151617150ffda0008010201013f10f877933ff3b2cf0220f8d99f8f5b33cf7eb9f548f85e19f977bd7c79ff008c4478be2ccfcdbd9f2e9666a67d9c8378cf02223e07867e8399f22c81225bf5837d426317b5924eed0c0b126444783e2cc1b1f402783f7f17d4308f06fc9f7c2e8e4efef047833cacb09b0ffcd33939d203f20f2c9204b7fb07dc3dc4783332dee2867fe999bd1661913840b71016f2cc3f8dfa111e0ccb7bb0fb03f74fef0b86c9d3c0619496eccdb0e31e0b2c1b06719f5c7eb1e4c7a8f765d7891d45c870ce4fae565d8990593f62cb3ed0d7825bc3213c0ccf51dadd387d49237e4fbb667b8208397d7d71b659f010123e81c38eb3bbd82d8094dac55121ee5a71f93d11d92632e42482082cf07ed19f06b6bf39ee2e446e49904d164022fd9f5c13ea7f9178fe6083cdfb0fc41feeddab56ad5ab56ad58d8d8d8f1ef044faee5f996b7a8cceac588fbe65f97463d4f1cf37ecbf4b2cb2cb2c90804459185dc09e48f291ef8cee78071f833ecbf644417a2d8ff672d9e48f0709d6df93753dff00c03f63d23d439ca0d907abab1673767919bf23b27aeaf4e01a320690fdf7ec2ef383b879b1325ff25977917498e02dea7ddb1dc30c9f27ecbf63a37b88e334fe782f243ab6380eb83fce05d4ff0008eb08f8b1f58e1fb1ed7ab3b8e70d721136db63ae3f2f4b65d4d3503d6c833211c4bfc28068fda387e9ef86f04c88e36018c9fed93f64c979f7e37a9693c0d1c8e05a33d702db66346138fbe7f7eb1c3f49618b08e2f5bd2623c4633cfb707a9639376397f50cd5ec32f822dbb3e3f7eb1c3f4978259d725dc72726791ef83d59acbc1fe47479bbf38fdfac7ae1fa4918e34e20c25c3838fd8e5ecf3b2eb8e8b30eac13c7b96be2581c3efebecd965964fcd9e3eb87e51131c32ee5b6dbb3c31fde3b4e1c8777667c5e32a1fbde90fc9bc1e0b0b4b7588e4e1eb903d397a3976ee63d4b2e0cf3dc3227df8bee5a3ff08f85223c0dd97b59191c1cae9e008c2ff635ed84e8bd38537ab1fd5d8e3facf87bddbe8d8f9572d2d20edb6db6db696c0963c430260f76ef03b8e3727af386c258184c05f5e0644317b4865ea26787b4bb7d239df89d72679f7c5e40894c32c6db6db6c5dba87408c32ef85e386e5df1b1db0c391fec827fd21d6da7720eac19f13e9fa4f4f1bf19e2c7c0cbddb6cb5c76cbaa290c776dfb7e24884cdbb63db0e08c37b92b91937464308ec53e2fdf9931bbdd8baf6c72e997448f3efeadf9f6d98f81977c35525df77b4af77e10b6e9b3dfab1ecb7996d7b6c20b84dd625df13f62cddc7a05d059f8fa5fbf0f5cef1ed8176fce7a2b036118c4187a8fa2c707af26f6e3a8fef1b929859d943b2d3a9659d65064aa8778c397fb0e30cd4bac76c932cf44978aea59bc34e0ef2095e88279df185e9878beeddbf23e53c18e0e99f16f6e1f5f173d65fce40d619d130e9ee57d960876c65c3a8edb0907e4b20bf6f69793d5b4bab3c0eacfecf7c8dff9ba1cb191bcba3f296f1b31c7fb6ef8b3ee17fefc07da3b69789b7617a8b364bfa27f2dad8238d8b1edd82d85d92f13c5db638db095fc9fe1bdedbfde274c929c318dc9bf29e0c7c0c81d6677833f6c3e994726938def96dd4db96457538e3c353238067739f02239e0383c1999e7208f733f40c788bc07717fd97c073d5bb7437420f4e03ad89390e3b9d3b20319b218a3f425fedd7729f022181e25b1cb333c910ea7d5f9f21c31c184db650eaf6f0eb9ed9d67c4378f2bde32fce04ead1dc00616062d8ab71e72116acdb1392cd3c7348e5e1999f023d701f16729dd9659659c09eb66d2eaf647a900d6d0f73c03d897b9eb9d8358e81c1d45fbcc6327c89bef824fb0f88bddf00e5999f038df99f270d97b1bf2ba772e4662da82c936df904ab083b5960b359c11db1d16db7597a61bea7f94e5892f6599e663ff0063dd9279677c0f7c696cccc1cfb5ff007c7a4fc8a7ef076fdf00db9188eda4c2db04993c7aaf7057a884c3f781ee2fa43bb0013b383bb1de9769edb3264bd8131df7907c436f5dd927c613ea66cb39f6b2c87536c7c4dae0190a70edae052d7ab0e9c1ea660dbb76c9b020d645997a96164319fd6578d8063c10db6496590dfc7c947e593b7c63dcfa96d2d385b679db6381fe73dbc9f1ef2f80ab4e207565fe21a29dcc20408318b1c3386497dc3e9c0c72cd9641b7098f05d1cfcb2cf03ab677f27dc36f53ecdb0fd98ceff185f47084bde4f3bb672ae09967965965966dab5c1d104eb8dce1fd8b79969ee01c640b39db6db7cb2ecb77fc407a9248832fd9563c8ec1e5ff0069659e0a409641d449901136db47ed1fce3f42c3ddf9a1b6db0e5b6969696969ce78bd36dadacedbc924176f71d31ebe0cb3cf6de1bcfa77059243ff00728e757ee0c0c8b1b24b39c7b47e04a1d23d6da3ac47a3872b45fe4b54efdd9e19673a5a4edb0d9446ac3c070ece32c92d98803d58f8f6db6db6db6de76580804fe5d6cc1fb08dd8df721db949e36ed23f842405d2ff0036abfd5878659659313fb3b0e78420d97b983f8498b9b162cb0f1b6f034e4706db6dbe606dbe5b6ff787845608ed98fbeadc0c1e841472cf1870d3776786f3be38c169ece7149e3e92fe710bf6cd99fe6dc3e250e50601c05965965965963673b0f2837bb32c89e7de0fd83bb3b72f5dc0bdd826738cf18e76df2cb0bab780e0eecba92e2cf8c5036fc59c30b37933e1c2cb6780e1df00e2d8648757a9affb1c3365b6dbe6e2c40b1c0242112c382d276d42dad8f06426a5b85141e0009696f1b28bacf03ae1b921dbab134f069b78d8d8e0360c86b0ce08649ea07d8d8aedd04d9678659e0e2ded616ee1da8c415a8503c4df007c08443c8db2cb6b0886438a08426724060123f25cbb5bbb2cb6d8162e58c16708078de086ceecc259eb33d70ccf262c9e00416be1084399965964886cd898cd5ab52ad12aee36c6d5be263878ce72131fd4020b2ce04d8cb10c30db1112cfab47c3ffc40028100100020201040104030101010000000001001121314110516171812091a1b1c1d1e1f030f1ffda0008010100013f10fa34820e9124b8508aa9831cdcba65905c60c586c983081e8074259129e9750982a074bbe84860f48c47298ba30219618b44586095d4da3874135161b7a9084105232a3d02638020442fd3a44820e8109b9088d0c7060b858c1b8311118bd166618e82c370205cae6d2ace860f45b0d3d2988237d12e414c734974cf0811dc3344202e11512e11810412ca20e83040ae95d18912604cac571dfd26a30410410c6a51684cd4f4144834c1b82089514489982384b919904b8814c3996912a4e2563ac2620c448104196182a4618135994504750661ea130e839e8611f4983e86318c58664ba5dfd06e1a8f4244820863536212954c18408316571b1d0b8cb619259169e2154a8c46a1e8e2240c470462c1349462164ae2d45cf48c41998a563af08c27b54406093d58a3305d2c916b9ad7b96eb2692a9dafe21409cc309aa973287a48747a318c194794aa39fd06e1a8c62448224486352b5426d4c1837b89d2c9621d02860cc24c84a5962cab86ac974c7096dc7886c818d63926682692820db0cba20b60c4b101598256201e0725738bab58f72acb9cf988d4747889640616f1bfea57c28a478b244fe614344c6aa85b61d3f9871324a10b0c151c7d04632a318b0ed32b0aa12d2bbfa0dc3518c6312244890c6a2968454d32e0d9318c5c4b4a9461d471e83388330621cca20dcda0c2590a33446ac68622afa4e8648105b619324f1e225172f9c44cac2f50488cc063afb350d4cd5dfa8ed56aeb59973b7c39628fb4d0985974c4b3017629ee101132236308ba0e204495d19543e52eb097675013100141f41b9c46318c624489121d551528410d3060542267d0e1925574aec983062c4669d19beaed08b2f30c9067ac728310c1895516f1bdcd3d88d2ccba5dc18141d8d42eeee0cdc175ee543140a8946f31637250db0106ad58c6a5aa95c051b96097d96bf8671170251429e3bc10c18e951e8a8801b8ae88eef286ea6a207e8dbab18c631224489064a90428d316c8921562a4a1961d2e998ba08388e5d0ce067a45cd423c43299906618e25e7a8ca72f9463e16b29765c6e2ae16c00381ef045ac3ea2c727d4c1105e5a8a4b766b89741ca03dc58ba976f82ed0816216ad5c79bf32978cd02ac715f68102d07b7baff00b30b00413cf58227401006e631a9cc9046254ad1797d1b4e2318c6318c63122419225096e0c42474cb710be661071d1458865063066e3d519958860666274a82e64eb2d4db0295f99f6184a5d701b1bcd41850843461a836f898442b3caa25c8534cdf9962a17853f04aa47fa58f538007716f3254df4d9a895bc0f11fe2c8b14414ecff00b1036c1e027b761fddc1074582433044ca80658d804b16894d412afa1bf56318c62448c631206a8ed4237062dc54cb09ae830ab0b11298a307a16194bb84182e64863adc437348ea580d68798b921d5958f2b631236c7a21fa803a1745b221b447781957d8459a6447b950b39078aa8ccda167fdbc4bd8006375fd91cb5807ce7ecc9320b992983a47d91817d685a6916a10dc754412b609a2d8d94186a0e35281e66937fd1bf47a318c63189189122424c4cf103573694c049842f1cca20d93240a4bcc3a015c31e9516194beab49674011890290f3e47bfd4022eae354f31d1c011688348036ad0456dd805c4d8baf041c3b419720b42cbd4e208c2d7352d8e00f883742857860af6b01db87f372cab22e0c7f15709006c28797f0a9e982652d9b2f347de502072884b32cc086219c661f468cfcb9a4797d1bf56318c6318912318c480cf11156e65ccb162390b9d3692fa76308cc118974d4730332b12b314752e98b136c3045cc107128b82aed51b6272b70555789b3bb820e6c01329fb585541039855b8babc5fa954483ee8081590a15a3b62391895de129a9775c3320bd91963115f7b9615653f15f86326ea6a9eee1fb66540ca16abb964922d343f7de2888d0e265cccdab62b4c00d400d75750d7b6690e5ff00898c6318c48c63194e9628666a3866087437d0b8a659ab626cb0ca0c5ae83d12e26d86a0e65e204c210f211cbd9469f188cd44bca145f8f12df4881ad8fc4779166eb53256e963178973020d6500f6f328d7705457f308829fd11771b176e1815f98e8f1350e5a8dc501fc226df26b855b984f187628d5fcd7e6289b659ec5881543b1accc2b7019af2e26a0c431a81f49d4ce7a4ddff898c6318c489189121b533a332d8495ce908132644b611c30966d42ad4ece7633b086751af508b1ea16ea78a7652dda22d5c6bcb14f500e32864cf8c45629dedefe63ac135711f2891c2000cfda2949d501af88e2f33329ee6f9672dce77c1bbef16c4d59c42018b975a0a2aee832d762fd462c11af9255225231b39afc31db9000f941fdc31e04b40e1fcfc4033a18db6f47e16007d6b1d36b37fd67a318c63122448913a1d38c94401883da07b43b50ed43b50ec43b13c13c53c53c53c30edcf1c3b33c33c33c33c73c30ed4f04632ba3f50a1f68bab57ce21010e33ee0ac66eae667bf218e0f61b54f57310d232b4f6940b010d689dd42ba63dc626066c02ea037ee89e2216db119280c8c6144bfc3f982920054e3386fe6e555b6776669c67e180214bc3ac5acf884e2c4b3eb4c4152d61cff00f1318c6318c63120c4509947a7987041020408102040952a54a952a54afa0eb8500a5de2928af246dfc247f543670cc8f62a00355b3ea8a998ee6f695d90e4cd7c4b67bb30b83729c9798ffe41992352e5798c8aed97e6e27dcb2c25b12f21fc47603356af372f3468f0ec6518563c6c6bf2c2a96d42c375917e9895b2cf98a73fafbc03cab2aab5ff0086f9acdff469f5318c6318c6241862cd799b7d457f283082040810210812a04a952ba54ae95f47118726b3d9b9988896c702bcb5f895014176ef32c2aae101a7c3f665ee99bd4a530f9862215db485c072ef40649358e2583bb372d54e2e56ee5e22a721b94a4d01b80f34f6c04f3c9d9cfda60fa890d2e1fa8a0b6c8018b317f244a6eb50c368b5f03f9966eaad776b5a862aa3c83fb3ebdbea6bf4fafd0f56318c6318cd58f1f70e53f6c38408102040810254a812a54a952a54a952a5409838fd33a9cd16c3cb1b848e1aef998a6c45594f319006c1c4d266743667587f51b39a039011e46585a8440540e2400d41e398aaba3103232d10659512814b1dc22744fcc376aaafab9582f855e9d31653535bce3f9b992cab45d5871ff76897218396acddfabfdc7e9c855bdd7f3004ed9125f455975dbe9753f57436fd1afd6c6318c6319ba6bf70e50e5ee0c20408102040812a540952a54a952a54a952a04c5c45348bee387df5f12b115c974e2bd92888b6a7101ca714545e476b65a238bbc428e852bccbab1d970b82b1da218b822e61841cc6158677144334d408f9bf12f20a298820e062fce622d0bc6271e121b38b29ecb1f899bb92fe66bc440a489c47969ed04d0c2acfa525c5d905b4ab3e7e97507e3f50e9ff008318c624489364789e660bd416bdc18408102040810204a952a04a95d6a54a95020b03cc11802d4b0575f6bb99dcda4d327dadb80018eeaada67ed5f982ca9505e5e7f98ae479ce48fea270dc29eec9fcce2a47cd971447f31cafba5f2c98cb44b116736bb4647922567ddb885f08b7b462045a1708286bed2f80d4e36f6fb92a6d33604fb3ea21845020a1f148dd212868bdd860fbdc50181c15284b7a201684f1f40a1ea6936fd1a7fe0c6318918936c587b8b2f5337ee0c20408102040812a54ae95f4ea520dcb080ef18b913ec882165d38d1f897215c1576e1f10e0281ccf9fb24dc39da5dbbed5142cd12c8f535a4ecc5aab7b8a44a44266861b983c215d22aef1ccad00959217280a35dbbcd8445624436e8a6cca010401e435fd4b4007b65a6cfbcadd40d257247e00bc262b98607445281af1312e343b38b9da7d5f8d35fa1370d7fe0c6318c624df1e11e5ea64bdc384210204210fa6e5f529d15c9862691688e0929d104c20aa1325b07daa261764775d7cea582558a63c0ed55fb8e35285a73502c6d5d5c54517f31df5f302252a5a7f5297b4369ac88c6b13471f319cbdcab908aeb43dccff00b0ac72b0112362cbb6f98f9f38de0ffaa170006c9abe6a350adb423af31c81d10ee456ed27bb338b2c2198543cf3d3f1a6bf426e1aff00c58c6318cd9321317ea64fdcd5084210843e8b97187a0cd3688ac4a8ae3726e3d68ef4dd4c218c771da570a0e2997953b6009b088a05f88fd60d6a738cb1052f1a652f1d54579818b98373bd986d336948b31ad63e2a3d53447b4111bbd45f2ba73ddb8b0218db83feb8d516eedc90da454d769641b5a85a0358e5e58d53426e5617b3a1fa49da1aff00cd8c6336452e9fa992f735421017060c3ea63d522b282f418c4cec342b30076d15aac425e0311f1570ead092df6882b15c5cad1c420e1be816d4c77bcbf10419dc42246e100692fef1c2ab1433fb8bc9fe4a6784fb4f8be4e4e61dcd920d3fefd4584a719cb5321c42959cc26d07dd4cf3c90cb1c42728e89a578e8dba2dbd7687fe2f46318c12b11cddeeb992bd8c78b3c12e91645778ddd97956964187d291254afa4343b4c1a9d843842d67360acf07a99320c4a827ee6b0dd5c1368b548e832db8d92e35156b0879fd8838a2b05ef0d7dc63cb0b62caa312f01e259aed18b0c86fcc67a631c8ef2cdd8e4673398110dba9c46f3efcbfafbc35181a266184d77632e5887699978b523329474b6f5dbff3b00bbcaa3a4517e07a22370769be62dc6388b88f41af48b34e23031740dfd2cb9708dc730972bde8d6309c425c0a729820e745563fe88220b1b60356659928e2169f266733694c162d8df696a0fa7bc0a8010c7b6071e60532d234cb05f2b875b36a9bd414bdf680699411a7afa7104015dea704d22f21ef47e65452cbbee23a55d1cbda1100556a250f6980e6a502f20cad6269067d77ff00ce83ca8f4bc4597165c530f432c71dcf240b4ef085d1bc4d0b832e5c58c3184b92e3b1b71901f304c087419894454ca5b42211db449f745991768b8c9925ad6e34b16bc4ab25250ee1e3cae9080a8eb567661c1461410d29534798da6e9b8b435da7b266a59a1b59c8999c2fdcc0037a7b4bb8b26ab2bdbfd1965c3de51341cf7778aa32662cc74df28d43c20a8d26debbff00e76537582f0d7ac8ef1fa6ccbe8d65f3292d87761ca878dc41b21de9e68f7263ae1a8ccf8c636b2c0c98b659a8cef062e21495448383b143f99b9252eb9c4b507777298ad3764a0721659cfa5981b08476c75294a944a710f8c88f5b3b46cfedff00bb42ab60dd41af1d3e8896dc22594791368af6cc0e7cc041bef101530b703f93fb94563397bca977782028a517535a97bfb1fcc36fee07436f5dbff314741182ee4a9e80728374413d0f48bd54c1825e48c5a146c94c22f330cac7bcc7aec41aad8152b0cc2cda186acc4152eea23943a8ed99616b031e15fea11dd5bd7780b99e2b72cb4917230408b7b82388414e56096d44a090859d1158c253d30621f6a64c71596515a4685776a605f7d668961452f1080123c61596304bca53df12f80c3c4b45ea6a07fb2c1150de68ff00bed06fc4c3a1b7aedd5020b9751801637f580dc151f3052c65aee5e949281b8da67185e830733327cfd46f1437d2a5128ed28ed28ed0b8c6c930ee596e313560b1f5fec57513c44a401da66f97b462cd0959df880ef0570f89886eb07a4675d1435c6226d959870768065e440515d9989710626ec9448af425912f26a12241750d020509f7844a2deec6a2d9a90aa873ef49abdc26936f5de2898c0fb07de5ccd9e6735f70099e1b0635dc804a6a09e163aaea56c6967a80824e1af8cc65a0b1d0e953308fee3f98314b2f89941b89398f9cb3997751639831a93be99d7a543b203b05d7031c3cb07679e9cfd1b22088d8941f232ec48b5cac748677716daded1da6af290ec8078951002b2be21216b20c118d769eb0b694128ef440e7bc662b77eaff00aa850c5952457bc20d9dd9942456c6323387f302d3030289109a9a094ddd5d2151060d4c1066a4d392616396181ee1348338bcc1cb06cbe9753bb2d793d4b1f60035b95f0657cca34cbae7bacac7af900d63ccc006811e15e5edd7d904ecb67ee0cb9a0cf3441f610e1cb733229a3c82e21aead2fe3fccb0e883bc7ca176e16896243a0f40b33c21183364a7694ed3c538498c2ad7f8a0e501a1e2139fa364794bc4c19cb4f5cbf68c282821b68661ac277770a4a42bd15e254596573050e6f70f8973996825e1ccbd3b99a1dee0b545ab8c1158ee2823a6064e607613884f5da788a2f786bb8a1ff7cca370364e17da6a6751dc65e4c8d24b182a50bd57f72bac1e154fb08446580fccbb9d4ab76cb65dd10d0f88ab0b5379e7e8424173bd859bf6b9fb46e1a680e795f9d47c35c071e5f041cec17565b6bd76ab1772ac7dcbc16c93295bcf69417016563bc6010dd34fb425b9ff0008417e115582bdc762b9ac70865e91654199138fa6e73524a412f601e4ff00f18e4089f4ec8e1788b700b03cc75bcb28b73953250ae2621f301481b10dd43a4dc6deb43bc3940bb2fdbc9094c15a2c7e62a41acc44d7e6065c2fb4de5b43fb8ac839d76821a782f68ee2606aa82cf72e6a93f1301fd88c05cd7c406582d995e8b1e7994014adc5d4cb84833ec37fca8e177a570c62d6380ba83171126c79398d7182d561d7cbbf130c46d36ff51b0ffc01029005e7b43f98a0b503bb0e55d1680f306e28b148f4e3f312ce803623609e16078d3a4ef2f8b28ac6638b1e4309c03f75f8e9451cc7a73fcc4d8222e6631fd502e3063b3fd009288ecb9b8338641c2907828c1f4ee8e0bcdd9700ca1e708df7f762723f0c05d45f786dc36b3231d89090f95ff10bf6aa7f1160e49799fbcb4320d95ff50303186d9383354c5de32309fbe3e2e3578a6b3f0880857658324a6195c23b990390a97c5e3c712a2b706880d62e15d9f49338f92405bf996446c2bb297f8950ac7799ba92ff0077fc8e6d86d408db1494b046dc17c98f702f12038bd424ce762a788fddd3a5b875281b259650a8b31e2e2d6c7394fc461c88514f8ff60d5a01422c3528f0acad07e1fdcbcf39402cc5cac508250d2beecb483a16809afed14e523443b8e3fa012fd045f4208ee733c53c13c12831313a208c4f8a67d1d8ecff00b39fa37454cc4baa21f07cf33731f7fd92d8af759fcc5d461b40c470f837fcc22fb41487e610f2514ade22012e2b7ea0990ec3c7b800c0281a2020f12e675020b66613106070c2abfdb0fb350495a8359c1ad45d2d1c9b79990a08a56ff04edb18c3ee10e0e90d778226c5e620b7196a5d1de154b1952c85bf597fccf24f24b9a4822eca7ecc2c8449dae28419aeeeff00897af03e319921af4ad4207a1a87b9717785b95933cc73040208c4a538d7fef7fa874b78df49ff00c88c861638e38a1074060c1e9f6720d83d744d1e82958298786eaaf43feca3b4bc98826cbd889ffb83c1fc98e5693373057b2ba34ff89495a25ce1fb456e17e603fa406ad73c908d25df7fe66119687e930f014462cdaa33314ba8967cea3506512b018c256896a3dd5301cac43b7427cd4aa24fd435bea702b4d9f6f6416c1c5583ef2b06381b52e2a06d14fb902a155965153ca0d4b0b9546e7b007ed80d60b83b4aa5c2be978fc4b5cc2052b340574185c269872c903f98912943cb1f004a336fb9dfd7fb664fe26ac536e9118f487169a1fcff00330a5b74f66658ad4bd1174882082060c18463f86e391dd43bd0ee4a26634dcf2cf86c18ef0e0757999f71cac589e3708b7a798c46e882aedf88c257379601a13da92ad04ee337fdc26e1a87e7516e3780aa5e92b85887bb9e7a39aed30355db44f5c6d82eb541a76625d64862bd04c26239ec117108b56129f68f3ddf116b84d50219dd7f095fb6048c0ae31100729e4ed0230e850f164dcf0ce48a586e0a1ecdc1039f63f330c44607157df9489e60c0a95c6cff0080ff00bc7448b39804e22df8236969074fb336c6b8cf02f06254f00540437df086efd926af40cf4e9141e71a875fddf79445a4a9ce56533a930ea04907403085069b97c789e64af744774a0c297ee9745463f98de3a1871171ba83ce98c67e79ed134ee24c4410ba1e25a6434257b3de21a00f04cb93b9843130c01afe8ca2270ae1e5fef3e2202c85c340301d887e0a2011012d5989503cc3baf1280a1b8418d9708a2851c131c41c4cd02c263401fcb2ae63e2e3244ee155677da1a295f17780433c40325dc1bdf963edfd4221ad1fc378959a75b1b197a6e4ec67bc45f8fe5081ef3b30c6274df08ecb9a320e3bcee21cc1142bf76e61e73682fce9fca65f1479ae8de38e295eee4fcc401a01d145381f933f9b8b0a98420e90ea018e5cf12bf403a0bee9cffb44100000ec4ef0c7c7301b91ab8c003dc96bc702e0f512c9640b6a11789a6a7f10755ad2ee70cdc186c8b9996948b43078ef2f580399ba55b1e667346237683307016acbcccabeff00ea0e215144b03a78657f995a942f27b0415dc0367dcca0fe78fcc008083da5b08208c555e7ef5141c96e62e82b619e482204d592d12e8b87340438ef5f3fb9724a9bb90d19f1995b1b9b29e1ccaeadf17c0fd5f42fbcc60bfe26f4213d42daa5a1825ded9018208a9a95d3135e1e4cad9a1591b352d3df512c5669d2eba5947d41c57ac662783d4f6c7a3286420870cf68c950e23898c3a521c5062e81ceeb1a805aaed6fea66083927eb1aa74e07fa83e0fb1fd42ed3d884115c0a20e2c416e8dcb49928bf1a8f5c1116aae0804dc6144a9408395a1fc2ebf33bd2e6707ccf8f8b98c38c6bc4ac3e6abbf105628625e0696bbce55040606e9da29822dc1657f2462281d964c528fb4005507c4ad4838e6365bff00d0479ad64651fee676588dec8f0b8c97bb0c8a7177067509bf0282da3acd8a92503a54b5e1a9f1a41994a6ef67f8229556d62ea108c07495293b0ee268eefe62066b866ed2d66086daef1789567e23b8b114ba3cf45e51040226c6a996b18ecb4157ec11c6a151daa0e6ba4d1874977d1e10c6af78693fca0dc8f69fdc3f0147fa436e9dc29fcd7e26e407627f49c1945205439206c9d91bbd56844d8438ff0052b1710090c96589d101619439584d7c1fcca2c4f188e22ddaadb2d18e3842161ddb8257231e26e0db710f6581329a8ec842fdec3c64f9ed18876732b6b12bed330613332ccc7737de046653854616fc3dc8fdbed9f247c5b7362e1daf72589c0fcdcc80ec1f83fc81c6c24f374fdefee42060c19712f04062a763529a42aeaa21761958293440cc51761701b2856957cc3f23e23b844f19d9a5fe7f10750586ecedba2140359c6e263dfc29dfccbf2bbb33f9990f40669465132c3a9fcff4099110c6e1c59e724dcfec9fbd6d402c13c3010eaa0977854e337244d8e12002be52b7035501da2a02e996e981016d1cd51f765e178012e8db6c8fa4a0018553982cf6ddb0b282bb4a90581d00453750ec10f1c56d0dc3ddaee46ce1ce12c7d631506f26627b1ee64c3a9b8b8ed3016ef8959de67a8cc802c0cafea2666fdcee451dc4ef8620f24463cb372bb044320a0bd955eaa1041420c1f712a0be25438788159d4277956ee504c9047985cd1c418bc3d96e01a9e984c149a16e3a088610fb505c7f89c0e9702e9c101d9171942ae77aa4cd820d72ff0090d7f3c56ec78c7ea3992bb2dfee5ac6f95378afc26601f4f51ae0f782cb0850452dceec450fc8966d2f6cbf71cbc4f054bb0c355b834207ef10a6691464853c2f3293f1c0c9c6d8b28672918c1ec188b410780806ea01ccf247ef3ba85b4ff1d9364712ca7da05ccab988733b910e07e20c805f8963c89605c1ac473747150c189788d6d2aa370fe6506037ddf0c2495d8d8cad33114831f881c3be97b7e63ac545eea39f7ee124168ba2a4b7cc601d4a51e550ac52c6b5994e60050ad8344b0d451da1caca78581b01368096a59f6852f6bb66ac8d6629cb0b33071cafff00202ed317851cdee03705a81ee54511de5fbb10c828f3312fec9d9fee6807e63691a8b9808a6a9acc7600452777066e14f48e62de826e69123f4c0d24bad2317018547b4052e1b5cc4778e979a79a23432ce2772868a3882840909c45789ce22bb26a973586680089bcecca6ecb15de11f1944aaf0d351a8349b8655e926877f729efd9728d899ba292981702a6c292f5921cc462d7668e210a2830bac431181dc96478f88d8a1d84169f25c244b0ef02c45451b6318cfa9a4bed8ecbf08badbecc340256618f6442161503b4269b7cc35017718b5035acc12972c36d1ea63507d4bf2fdc8a178f21285a5e0805893812e559e6370fbc3c6133529e97eb6818ddd6a0910f6608872412998fb2f58d65aca180e60035b3949102e596e947852cddc3c21e301da07b40f681edd02bc4ef41ec9c043810a22366062873095b669d7f11912b20b83e2360bb71da5d4b4797862a25b34789c4d546fdc2f320c76a9734ad34e5fd314fba281f78cdaa88e5acec7cea267058749b7f2b07a83838dcbd9253a200e250e623cc5d5d2b6349dc9868095143983c11b88f5c45768c20d35896945087f6c457fb3326ae29a2c2dd4f894aa8af50ad0082191f306da3589825081a27e096721bef3f0611da40d9048ad2510b05fc8424356f2410caec2ba0b35493b32908cdae5cd5d4aea40fb0693d53c44af694ed29da15da15061478101da787044c74b85d811c2638bccb94105f79e1707c4b1f665a6f88ac95b2d2970f610ab38684f3365b0078ff00234a4274230404c428523c314cccb74345f9f715585eec2bed060f43b81a8665b8d0a097aca83403e2e13a2346284616351f2896d208c373cf0405dc4f2431148c5a4fb9b83516c87e66d0fde547f6879103a23261222f731af195c651d9155457114d16e31622f887cd25655152828f8960fc097957e5892b22874b4cc674323189b180bd47fd880da411c9f10613e209f9c226d09ee6b7ef43ec7f99abfbd3463ef1b93f39a0227181dd87085055b1f6dc5d46ddae3f955ea2784670c5e630a0a21196ac3579a1949ed1b5c7a6180808369fb3e2669940b30e1fea51d0e3108100e6b1f21b3e207cbdf038cdd7f30e84ca528bff00bf9e8ec2094aeff30dd02e250e9708ad2f78f314120104c22ee845f3478557dc1b5f11d6e0896cd442ac580a455b402ed06db3cd0eea5db53cec4e63f44f9890a48be496f6876495e3d012ee3ca914e4855e218ad4a1c302d1623366dcb17c44b88a3896ed2a5329999a31e99aabf29fb80dce09ec40a8bfde1978f184cd12f78a0bfc2163b43b091e497952f100e4951000157898b75c1da0646accc5008ece288802c67100c84aba7db7f316b5009682fe4f4c4d9bb9fb11c611d95fc8e49e8ab601947e62cc1d000a6a17e8ad215a73168957cfa488e28db04e58f7487d24d9a0eeb90c7206db945194be55a62eed81aa19a4a4a98079258e49e4279080ce866c1830ce0c5c3b71ed319d855c539b970145e1b486e8462d895840509111331b55cd9430c24d91edc478875a8aec67f54459bc5b7089164b65fe32a2033187682039a890b21bc1da1cf60cc5aeeb33fde0a3889b1c356ef1421b1eef10765a38859dedc07686617bb0951380c0d05f9e75cc020399bcf01fdc71192d0d7cb29e33b3ee33140397fd8b596449046e180841b868cf32ce60904452d4431e64a7dd8bce077660d6d845b21a09cca5b8dd7021b846e30e22b98af33cb2be6336c4731cd59e4816590a84bc4b0d84e1c89cc74cb1842a0c4d888e905c89794442e919a537804c626e6e8fda6a47da76280e3f680e138e224e21fb259632cc8e4c8e8e09548b7999982a56ee06e6ed555f695a2d06bf9942a02980b8212c95f68a41742a208a9e0e21270515ee07f8f1ff00887b0a0069399913b6ddce3f15111470290003cc51b8f0329772894606b103b844f0889989e745266517510863d87a0c7dc096d6e2ae0cef2dde2d97732cc4b6691257888cb104e2196f44144ef0fbc50dc35d43ce37e656b4daa703283507da1a4ba01378bd6983604a344a21b11eda732419c65855e5b818d6d062372cb652a60081e972ec28ef01977bc0a2ebf895b8cd395b5ef06a1cf39980553da520c516e66055778f1299b406aa7f34710a3b68b094359b04f509da62931de3826d87ba9fffd9, 1, 'USUARIO');

--
-- Índices para tablas volcadas
--

--
-- Indices de la tabla `bancos`
--
ALTER TABLE `bancos`
  ADD PRIMARY KEY (`Id`);

--
-- Indices de la tabla `decretos`
--
ALTER TABLE `decretos`
  ADD PRIMARY KEY (`Id`),
  ADD KEY `DocEntrada` (`DocEntrada`);

--
-- Indices de la tabla `departementos`
--
ALTER TABLE `departementos`
  ADD PRIMARY KEY (`Id`),
  ADD KEY `Institucion` (`Institucion`);

--
-- Indices de la tabla `destino`
--
ALTER TABLE `destino`
  ADD PRIMARY KEY (`Id`),
  ADD KEY `Miembro` (`Miembro`),
  ADD KEY `Decreto` (`Decreto`);

--
-- Indices de la tabla `entradas`
--
ALTER TABLE `entradas`
  ADD PRIMARY KEY (`Id`),
  ADD KEY `Referencia` (`Referencia`),
  ADD KEY `Usuario` (`Usuario`);

--
-- Indices de la tabla `instituciones`
--
ALTER TABLE `instituciones`
  ADD PRIMARY KEY (`Id`);

--
-- Indices de la tabla `ir`
--
ALTER TABLE `ir`
  ADD PRIMARY KEY (`Id`),
  ADD KEY `Salida` (`Salida`),
  ADD KEY `Seccion` (`Seccion`);

--
-- Indices de la tabla `miembros`
--
ALTER TABLE `miembros`
  ADD PRIMARY KEY (`Id`),
  ADD KEY `Dpto` (`Dpto`);

--
-- Indices de la tabla `pagos`
--
ALTER TABLE `pagos`
  ADD PRIMARY KEY (`Id`),
  ADD KEY `Usuario` (`Usuario`),
  ADD KEY `Banco` (`Banco`);

--
-- Indices de la tabla `personafisica`
--
ALTER TABLE `personafisica`
  ADD PRIMARY KEY (`Id`),
  ADD KEY `Entrada` (`Entrada`),
  ADD KEY `Salida` (`Salida`),
  ADD KEY `Decreto` (`Decreto`);

--
-- Indices de la tabla `proviene`
--
ALTER TABLE `proviene`
  ADD PRIMARY KEY (`Id`),
  ADD KEY `Entrada` (`Entrada`),
  ADD KEY `Seccion` (`Seccion`);

--
-- Indices de la tabla `referencias`
--
ALTER TABLE `referencias`
  ADD PRIMARY KEY (`Id`);

--
-- Indices de la tabla `salidas`
--
ALTER TABLE `salidas`
  ADD PRIMARY KEY (`Id`),
  ADD KEY `Referencia` (`Referencia`),
  ADD KEY `Usuario` (`Usuario`);

--
-- Indices de la tabla `usuarios`
--
ALTER TABLE `usuarios`
  ADD PRIMARY KEY (`Id`),
  ADD KEY `Dpto` (`Dpto`);

--
-- AUTO_INCREMENT de las tablas volcadas
--

--
-- AUTO_INCREMENT de la tabla `bancos`
--
ALTER TABLE `bancos`
  MODIFY `Id` int(11) NOT NULL AUTO_INCREMENT, AUTO_INCREMENT=6;

--
-- AUTO_INCREMENT de la tabla `decretos`
--
ALTER TABLE `decretos`
  MODIFY `Id` int(20) NOT NULL AUTO_INCREMENT, AUTO_INCREMENT=7;

--
-- AUTO_INCREMENT de la tabla `departementos`
--
ALTER TABLE `departementos`
  MODIFY `Id` int(4) NOT NULL AUTO_INCREMENT, AUTO_INCREMENT=15;

--
-- AUTO_INCREMENT de la tabla `destino`
--
ALTER TABLE `destino`
  MODIFY `Id` int(15) NOT NULL AUTO_INCREMENT, AUTO_INCREMENT=7;

--
-- AUTO_INCREMENT de la tabla `entradas`
--
ALTER TABLE `entradas`
  MODIFY `Id` int(10) NOT NULL AUTO_INCREMENT, AUTO_INCREMENT=2;

--
-- AUTO_INCREMENT de la tabla `instituciones`
--
ALTER TABLE `instituciones`
  MODIFY `Id` int(5) NOT NULL AUTO_INCREMENT, AUTO_INCREMENT=4;

--
-- AUTO_INCREMENT de la tabla `ir`
--
ALTER TABLE `ir`
  MODIFY `Id` int(10) NOT NULL AUTO_INCREMENT;

--
-- AUTO_INCREMENT de la tabla `miembros`
--
ALTER TABLE `miembros`
  MODIFY `Id` int(4) NOT NULL AUTO_INCREMENT, AUTO_INCREMENT=8;

--
-- AUTO_INCREMENT de la tabla `pagos`
--
ALTER TABLE `pagos`
  MODIFY `Id` int(11) NOT NULL AUTO_INCREMENT, AUTO_INCREMENT=4;

--
-- AUTO_INCREMENT de la tabla `personafisica`
--
ALTER TABLE `personafisica`
  MODIFY `Id` int(20) NOT NULL AUTO_INCREMENT, AUTO_INCREMENT=3;

--
-- AUTO_INCREMENT de la tabla `proviene`
--
ALTER TABLE `proviene`
  MODIFY `Id` int(10) NOT NULL AUTO_INCREMENT;

--
-- AUTO_INCREMENT de la tabla `referencias`
--
ALTER TABLE `referencias`
  MODIFY `Id` int(5) NOT NULL AUTO_INCREMENT, AUTO_INCREMENT=4;

--
-- AUTO_INCREMENT de la tabla `salidas`
--
ALTER TABLE `salidas`
  MODIFY `Id` int(10) NOT NULL AUTO_INCREMENT, AUTO_INCREMENT=2;

--
-- AUTO_INCREMENT de la tabla `usuarios`
--
ALTER TABLE `usuarios`
  MODIFY `Id` int(5) NOT NULL AUTO_INCREMENT, AUTO_INCREMENT=4;

--
-- Restricciones para tablas volcadas
--

--
-- Filtros para la tabla `decretos`
--
ALTER TABLE `decretos`
  ADD CONSTRAINT `decretos_ibfk_1` FOREIGN KEY (`DocEntrada`) REFERENCES `entradas` (`Id`);

--
-- Filtros para la tabla `departementos`
--
ALTER TABLE `departementos`
  ADD CONSTRAINT `departementos_ibfk_1` FOREIGN KEY (`Institucion`) REFERENCES `instituciones` (`Id`);

--
-- Filtros para la tabla `destino`
--
ALTER TABLE `destino`
  ADD CONSTRAINT `destino_ibfk_1` FOREIGN KEY (`Miembro`) REFERENCES `miembros` (`Id`),
  ADD CONSTRAINT `destino_ibfk_2` FOREIGN KEY (`Decreto`) REFERENCES `decretos` (`Id`);

--
-- Filtros para la tabla `entradas`
--
ALTER TABLE `entradas`
  ADD CONSTRAINT `entradas_ibfk_1` FOREIGN KEY (`Referencia`) REFERENCES `referencias` (`Id`),
  ADD CONSTRAINT `entradas_ibfk_2` FOREIGN KEY (`Usuario`) REFERENCES `usuarios` (`Id`);

--
-- Filtros para la tabla `ir`
--
ALTER TABLE `ir`
  ADD CONSTRAINT `ir_ibfk_1` FOREIGN KEY (`Salida`) REFERENCES `salidas` (`Id`),
  ADD CONSTRAINT `ir_ibfk_2` FOREIGN KEY (`Seccion`) REFERENCES `departementos` (`Id`);

--
-- Filtros para la tabla `miembros`
--
ALTER TABLE `miembros`
  ADD CONSTRAINT `miembros_ibfk_1` FOREIGN KEY (`Dpto`) REFERENCES `departementos` (`Id`);

--
-- Filtros para la tabla `pagos`
--
ALTER TABLE `pagos`
  ADD CONSTRAINT `pagos_ibfk_1` FOREIGN KEY (`Usuario`) REFERENCES `usuarios` (`Id`) ON DELETE NO ACTION ON UPDATE NO ACTION,
  ADD CONSTRAINT `pagos_ibfk_2` FOREIGN KEY (`Banco`) REFERENCES `bancos` (`Id`) ON DELETE NO ACTION ON UPDATE NO ACTION;

--
-- Filtros para la tabla `personafisica`
--
ALTER TABLE `personafisica`
  ADD CONSTRAINT `personafisica_ibfk_1` FOREIGN KEY (`Entrada`) REFERENCES `entradas` (`Id`),
  ADD CONSTRAINT `personafisica_ibfk_2` FOREIGN KEY (`Salida`) REFERENCES `salidas` (`Id`),
  ADD CONSTRAINT `personafisica_ibfk_3` FOREIGN KEY (`Decreto`) REFERENCES `decretos` (`Id`);

--
-- Filtros para la tabla `proviene`
--
ALTER TABLE `proviene`
  ADD CONSTRAINT `proviene_ibfk_1` FOREIGN KEY (`Entrada`) REFERENCES `entradas` (`Id`),
  ADD CONSTRAINT `proviene_ibfk_2` FOREIGN KEY (`Seccion`) REFERENCES `departementos` (`Id`);

--
-- Filtros para la tabla `salidas`
--
ALTER TABLE `salidas`
  ADD CONSTRAINT `salidas_ibfk_1` FOREIGN KEY (`Referencia`) REFERENCES `referencias` (`Id`),
  ADD CONSTRAINT `salidas_ibfk_2` FOREIGN KEY (`Usuario`) REFERENCES `usuarios` (`Id`);

--
-- Filtros para la tabla `usuarios`
--
ALTER TABLE `usuarios`
  ADD CONSTRAINT `usuarios_ibfk_1` FOREIGN KEY (`Dpto`) REFERENCES `departementos` (`Id`);
COMMIT;

/*!40101 SET CHARACTER_SET_CLIENT=@OLD_CHARACTER_SET_CLIENT */;
/*!40101 SET CHARACTER_SET_RESULTS=@OLD_CHARACTER_SET_RESULTS */;
/*!40101 SET COLLATION_CONNECTION=@OLD_COLLATION_CONNECTION */;
