-- phpMyAdmin SQL Dump
-- version 5.2.0
-- https://www.phpmyadmin.net/
--
-- Servidor: 127.0.0.1
-- Tiempo de generación: 02-12-2023 a las 11:25:32
-- Versión del servidor: 10.4.25-MariaDB
-- Versión de PHP: 8.1.10
drop database if exists tesoreria;
CREATE database tesoreria;
use tesoreria;

SET SQL_MODE = "NO_AUTO_VALUE_ON_ZERO";
START TRANSACTION;
SET time_zone = "+00:00";


/*!40101 SET @OLD_CHARACTER_SET_CLIENT=@@CHARACTER_SET_CLIENT */;
/*!40101 SET @OLD_CHARACTER_SET_RESULTS=@@CHARACTER_SET_RESULTS */;
/*!40101 SET @OLD_COLLATION_CONNECTION=@@COLLATION_CONNECTION */;
/*!40101 SET NAMES utf8mb4 */;

--
-- Base de datos: `tesoreria`
--

-- --------------------------------------------------------

--
-- Estructura de tabla para la tabla `decretos`
--

CREATE TABLE `decretos` (
  `Id` int(20) NOT NULL,
  `Descripcion` text DEFAULT NULL,
  `Fecha` date DEFAULT NULL,
  `Archivo` varchar(15) DEFAULT NULL,
  `DocEntrada` int(10) DEFAULT NULL
) ENGINE=InnoDB DEFAULT CHARSET=latin1;

--
-- Volcado de datos para la tabla `decretos`
--

INSERT INTO `decretos` (`Id`, `Descripcion`, `Fecha`, `Archivo`, `DocEntrada`) VALUES
(1, '<p>Se decreto que se envie copias a los siguientes miembros</p>\r\n', '2023-08-30', '2.pdf', 1),
(2, '<p>hay que consederle el permiso</p>\r\n', '2023-08-30', 'bd.pdf', 2),
(8, '<p>&Uacute;ltimo decreto</p>\r\n', '2023-09-21', 'null.pdf', 2),
(9, '<p>&Uacute;ltimo decreto</p>\r\n', '2023-09-21', 'null.pdf', 2),
(10, '<p>&Uacute;ltimo decreto</p>\r\n', '2023-09-21', 'null.pdf', 2),
(11, '<p>decreto con una persona fisica</p>\r\n', '2023-09-21', '2.pdf', 1),
(12, '<p>decreto con una persona fisica y juridica</p>\r\n', '2023-09-21', '1.pdf', 1),
(13, '<p>decreto con una persona fisica y juridica</p>\r\n', '2023-09-21', '1.pdf', 1);

-- --------------------------------------------------------

--
-- Estructura de tabla para la tabla `departementos`
--

CREATE TABLE `departementos` (
  `Id` int(4) NOT NULL,
  `Nombre` varchar(80) NOT NULL,
  `Telefono` varchar(15) DEFAULT NULL,
  `Email` varchar(100) DEFAULT NULL,
  `Institucion` int(3) DEFAULT NULL
) ENGINE=InnoDB DEFAULT CHARSET=latin1;

--
-- Volcado de datos para la tabla `departementos`
--

INSERT INTO `departementos` (`Id`, `Nombre`, `Telefono`, `Email`, `Institucion`) VALUES
(1, 'Infomatica', '333000000', 'informatica@tge.com', 1),
(2, 'Nuevas Tecnologia', '333258963', 'unge@info.com', 2),
(3, 'Estadisticas', '333597412', 'inege@info.com', 3),
(4, 'Investigaciones Científicas', '333659874', 'unge@info.com', 2),
(5, 'Contabilidad', '333888999', 'tge@info.com', 1),
(6, 'Medios de Pago', '333598745', 'tge@info.com', 1),
(7, 'Misiones Diplomaticas', '333569874', 'tge@info.com', 1),
(8, 'Auditoria', '333789632', 'tge@info.com', 1),
(9, 'Admisitración', '333598741', 'tge@info.com', 1),
(10, 'Gabinete', '333000147', 'tge@info.com', 1),
(11, 'Archivo', '333987452', 'tge@info.com', 1),
(12, 'Caja de Valores', '3334597852', 'tge@info.com', 1),
(13, 'Recursos Humanos', '333222888', 'tge@info.com', 1),
(14, 'Inversiones', '333789123', 'tge@info.com', 1);

-- --------------------------------------------------------

--
-- Estructura de tabla para la tabla `destino`
--

CREATE TABLE `destino` (
  `Id` int(15) NOT NULL,
  `Miembro` int(4) DEFAULT NULL,
  `Decreto` int(20) DEFAULT NULL
) ENGINE=InnoDB DEFAULT CHARSET=latin1;

--
-- Volcado de datos para la tabla `destino`
--

INSERT INTO `destino` (`Id`, `Miembro`, `Decreto`) VALUES
(1, 2, 1),
(2, 4, 1),
(3, 6, 1),
(4, 7, 2),
(5, 1, 8),
(6, 3, 9),
(7, 5, 10),
(8, 5, 12),
(9, 7, 13);

-- --------------------------------------------------------

--
-- Estructura de tabla para la tabla `entradas`
--

CREATE TABLE `entradas` (
  `Id` int(10) NOT NULL,
  `NumRegistro` varchar(8) DEFAULT NULL,
  `FechaRegistro` date DEFAULT NULL,
  `TipoDoc` varchar(50) DEFAULT NULL,
  `Archivo` text DEFAULT NULL,
  `Descripcion` text DEFAULT NULL,
  `PalabrasClaves` text DEFAULT NULL,
  `FechaFirma` date DEFAULT NULL,
  `Importe` varchar(20) DEFAULT NULL,
  `Referencia` int(5) DEFAULT NULL,
  `Usuario` int(3) DEFAULT NULL
) ENGINE=InnoDB DEFAULT CHARSET=latin1;

--
-- Volcado de datos para la tabla `entradas`
--

INSERT INTO `entradas` (`Id`, `NumRegistro`, `FechaRegistro`, `TipoDoc`, `Archivo`, `Descripcion`, `PalabrasClaves`, `FechaFirma`, `Importe`, `Referencia`, `Usuario`) VALUES
(1, '1-2023', '2023-08-30', 'Carta de Solicitud de fondos para los becarios', 'bd.pdf', '<p>estamos probando si todo esta funcionando a la perfeccion</p>\r\n', 'solicitud de fondos', '2023-08-22', '2.000.000', 2, 2),
(2, '2-2023', '2023-08-30', 'segunda prueba de  entrada2', 'dolibarr.pdf', '<p>Seguimos probando si todo esta funcionando a la perfeccion</p>\r\n', 'segunda prueba', '2023-08-14', '20.000.000', 3, 1),
(3, '3-2023', '2023-09-21', 'sfs', 'Abrir acceso po', '<p>asdfas</p>\r\n', 'sfsaf', '2023-09-14', '20.000.000', 1, 3),
(4, '4-2023', '2023-09-21', 'asfasdf', 'Abrir acceso por red a Xampp.pdf', '<p>asdfsf</p>\r\n', 'sfsaf', '2023-09-12', 'fsafds', 1, 3);

-- --------------------------------------------------------

--
-- Estructura de tabla para la tabla `instituciones`
--

CREATE TABLE `instituciones` (
  `Id` int(5) NOT NULL,
  `Nombre` varchar(100) DEFAULT NULL,
  `Nombre_Corto` varchar(10) DEFAULT NULL
) ENGINE=InnoDB DEFAULT CHARSET=latin1;

--
-- Volcado de datos para la tabla `instituciones`
--

INSERT INTO `instituciones` (`Id`, `Nombre`, `Nombre_Corto`) VALUES
(1, 'Tesoreria General del Estado', 'TGE'),
(2, 'Universidad Nacional de Guinea Ecuatorial', 'UNGE'),
(3, 'Instituto Nacional de Estadisticas de Guinea Ecuatorial', 'INEGE');

-- --------------------------------------------------------

--
-- Estructura de tabla para la tabla `ir`
--

CREATE TABLE `ir` (
  `Id` int(10) NOT NULL,
  `Salida` int(10) DEFAULT NULL,
  `Seccion` int(4) DEFAULT NULL
) ENGINE=InnoDB DEFAULT CHARSET=latin1;

--
-- Volcado de datos para la tabla `ir`
--

INSERT INTO `ir` (`Id`, `Salida`, `Seccion`) VALUES
(1, 1, 2),
(2, 2, 3),
(3, 2, 4),
(4, 3, 2),
(5, 5, 3),
(6, 6, 4),
(7, 6, 2);

-- --------------------------------------------------------

--
-- Estructura de tabla para la tabla `miembros`
--

CREATE TABLE `miembros` (
  `Id` int(4) NOT NULL,
  `Nombre` varchar(60) DEFAULT NULL,
  `Dpto` int(4) DEFAULT NULL
) ENGINE=InnoDB DEFAULT CHARSET=latin1;

--
-- Volcado de datos para la tabla `miembros`
--

INSERT INTO `miembros` (`Id`, `Nombre`, `Dpto`) VALUES
(1, 'Secretario de Estado', 1),
(2, 'Tesorera Pagadora', 1),
(3, 'Director General de la Caja Autónoma', 6),
(4, 'Director General de Patrimonio y Entidades', 1),
(5, 'Cajero General', 1),
(6, 'Interventor', 1),
(7, 'Secretario General', 1);

-- --------------------------------------------------------

--
-- Estructura de tabla para la tabla `personafisica`
--

CREATE TABLE `personafisica` (
  `Id` int(20) NOT NULL,
  `NombreCompleto` varchar(200) DEFAULT NULL,
  `Entrada` int(10) DEFAULT NULL,
  `Salida` int(10) DEFAULT NULL,
  `Decreto` int(20) DEFAULT NULL
) ENGINE=InnoDB DEFAULT CHARSET=latin1;

--
-- Volcado de datos para la tabla `personafisica`
--

INSERT INTO `personafisica` (`Id`, `NombreCompleto`, `Entrada`, `Salida`, `Decreto`) VALUES
(1, 'Antonio NGUEMA ESONO', 1, NULL, NULL),
(2, 'Ernesto BAITA CHOU', NULL, 4, NULL),
(3, 'gustavo adolfo', NULL, NULL, 11),
(4, 'Anselmo', NULL, 7, NULL);

-- --------------------------------------------------------

--
-- Estructura de tabla para la tabla `proviene`
--

CREATE TABLE `proviene` (
  `Id` int(10) NOT NULL,
  `Entrada` int(10) DEFAULT NULL,
  `Seccion` int(4) DEFAULT NULL
) ENGINE=InnoDB DEFAULT CHARSET=latin1;

--
-- Volcado de datos para la tabla `proviene`
--

INSERT INTO `proviene` (`Id`, `Entrada`, `Seccion`) VALUES
(1, 2, 2),
(2, 3, 2),
(3, 4, 2);

-- --------------------------------------------------------

--
-- Estructura de tabla para la tabla `referencias`
--

CREATE TABLE `referencias` (
  `Id` int(5) NOT NULL,
  `Nombre` varchar(100) DEFAULT NULL,
  `Codigo` varchar(10) DEFAULT NULL
) ENGINE=InnoDB DEFAULT CHARSET=latin1;

--
-- Volcado de datos para la tabla `referencias`
--

INSERT INTO `referencias` (`Id`, `Nombre`, `Codigo`) VALUES
(1, 'Gabinete del Gobierno', 'A1'),
(2, 'Justiacia', 'A2'),
(3, 'Referencia de Prueba', 'A3');

-- --------------------------------------------------------

--
-- Estructura de tabla para la tabla `salidas`
--

CREATE TABLE `salidas` (
  `Id` int(10) NOT NULL,
  `NumRegistro` varchar(8) DEFAULT NULL,
  `FechaRegistro` date DEFAULT NULL,
  `TipoDoc` varchar(50) DEFAULT NULL,
  `Archivo` text DEFAULT NULL,
  `Descripcion` text DEFAULT NULL,
  `PalabrasClaves` text DEFAULT NULL,
  `FechaFirma` date DEFAULT NULL,
  `Importe` varchar(20) DEFAULT NULL,
  `Entrada` varchar(20) NOT NULL,
  `Referencia` int(5) DEFAULT NULL,
  `Usuario` int(3) DEFAULT NULL
) ENGINE=InnoDB DEFAULT CHARSET=latin1;

--
-- Volcado de datos para la tabla `salidas`
--

INSERT INTO `salidas` (`Id`, `NumRegistro`, `FechaRegistro`, `TipoDoc`, `Archivo`, `Descripcion`, `PalabrasClaves`, `FechaFirma`, `Importe`, `Entrada`, `Referencia`, `Usuario`) VALUES
(1, '1-2023', '2023-08-30', 'Ejemplo de salida modificado por marisa', '2.pdf', '<p>estamos probando si las salidad funcionan a la perfeccion</p>\r\n', 'solicitud de fondos', '2023-08-22', '2.000.000', 'No tuvo una entrada', 2, 1),
(2, '2-2023', '2023-08-31', 'ejemplo de varios destinos', '2.pdf', '<p>esperemos que funcione a la perfeccion</p>\r\n', 'presupuesto', '2023-08-15', '2.000.000', '', 2, 2),
(3, '3-2023', '2023-08-31', 'Ejemplo de salida con un solo destino', '2.pdf', '<p>esperemos que funcione a la perfeccion</p>\r\n', 'presupuesto', '2023-08-09', '5.000.000', '', 2, 2),
(4, '4-2023', '2023-08-31', 'Carta de Solicitud de fondos', '2.pdf', '<p>todo funciona a la perfeccion</p>\r\n', 'solicitud de fondos', '2023-08-09', '5.000.000', '', 1, 2),
(5, '5-2023', '2023-09-20', 'Un ejemplo de una salida con entrada', '2.pdf', '<p>esta salida que estoy haciendo tiene una entrada</p>\r\n', 'probando', '2023-09-18', '2.000.000', '1-2023', 2, 3),
(6, '6-2023', '2023-09-20', 'un ejemplo de una salida sin entrada', '2.pdf', '<p>esta salida no tiene entrada</p>\r\n', 'presupuesto general', '2023-09-11', '20.000.000', 'No tuvo una entrada', 2, 3),
(7, '7-2023', '2023-11-20', 'Contabilidad20221222', '', '<p>http://192.168.1.123/tesoreria/users/nuevaSalida.php</p>\r\n', 'Ayuda Familiar', '2023-11-10', '3000', 'No tuvo una entrada', 2, 3);

-- --------------------------------------------------------

--
-- Estructura de tabla para la tabla `usuarios`
--

CREATE TABLE `usuarios` (
  `Id` int(5) NOT NULL,
  `Nombre` varchar(50) DEFAULT NULL,
  `Pass` varchar(100) DEFAULT NULL,
  `Foto` blob DEFAULT NULL,
  `Dpto` int(4) DEFAULT NULL,
  `Tipo_Usuario` varchar(15) DEFAULT NULL
) ENGINE=InnoDB DEFAULT CHARSET=latin1;

--
-- Volcado de datos para la tabla `usuarios`
--

INSERT INTO `usuarios` (`Id`, `Nombre`, `Pass`, `Foto`, `Dpto`, `Tipo_Usuario`) VALUES
(1, 'Admin', '$2y$10$ErD93tz4pHZ9kV0MgltuE.Mvmlhh172FAN4la9vZQkG/172v1qSz.', 0x89504e470d0a1a0a0000000d494844520000039800000398040300000042e6418e00000024504c544594d9f8eed9b400aeef8b5e3bdcc5a1e6e6e6fffffff03e6cbb9e82322013bae2f27d9abc4ef5142d000020004944415478daecddcd6edb481207f006666d0ce8cb36c404c23e458c9683c6e64488368c3929704218396931a661e82956a01ce83108ecc487dd4b80bce04aa2644be2874876355945569de69f1904907f53cdfe60cbe231a9f06b521c0947c13f09c6e4c8981c19932363322647c6e4c8981c19932363322647c6e4c8981c1993e31a73fb27c1f68f38128e8cc9981c1993236372644cc6e4c8981c1993236372644cc6e4c8981c1993236372dc60f261201f4e73644c8e8cc991311993236372644c8e8cc9913119932363b61d8f8b31e9c6d05d2ea34829a5b55e2e97be5cef44872163528aab7ff8ec2fd78ae95afaef18934a5cf5de97a52a2ebd08ba8bd9a503bdf03652656a711d3cf2e134deb8921c96934c6ace9868e3e3e75b55b196d78c89313e7ead4cb9a96bc6c41797aa66e979103226a6f8459954c2c99828e243a40c6b9e2c6a18b3f53854e6a5af1f19b3fdf8a0606ac9986d4790b6dc36e70d63b619833052803562cc16b77cbe805a6e9b9331db88c1bd02af67c66c2586b7ca42e9ed1602633619c3b1b253d78fa431499ee0d9b2dc9da6f0e1746331b467b99dd5326653318c94cdd2016336162d5b6e3419b399f868db7255378cd9480cc6aa81ba0e19b381f7ef06aa917a0e19d376b4b1ef53a4c998f6e26363965b4dc6b4171f946a569331edc54835acc998d6e258a9863519d3567c524dd733635a8a0faaf9ba614c3b316a015305b430891cd90563d54a057c380d1e83fb762c950e1813fcd502d5568d1e191336b635c8aeeb2a644cd0f8a45aace790312163d426a6ba614cc0f867ab969b17491813283ea8966bc4986071dc36a6face9840f149b55f378c0913230498da0b181320fea970947ebfdb0d65ccba3154686af4ee91318de29d42548b2064ccfa3154a84aafdfa8c58b89fcddca814256377c385d373e2874f5cc98355f941de3c354578f8c89fe45d94a479c8c5939dea1c4447b13053566a814664dc6ac12efb062aa1bc6ac1a15de0a1813fb2bec1526410163568a11624c94d78a1063626ecc55bd67cc0a718c1b53878c593afe4b21af67c62c1defb0636ac62c1d15fafa880e13eb79e63d7ecce48a181f4e9fbef61511c0bc0a19b34c7c50148a3bb354bc238179153266891891c0d4dc9925e293a2511f19f374bc2382a943c63c191595face98a7e21319cc51c89827e21d194cc59d792ad2b15c4d811813f755e94a5320c62c8c844659545f5f811233a28479c59885bf469a92e5ebb126df02cb8ca446d9f5cb407c389d1b838816e647c62c88b42c375b7a8c99139f88612aeeccdcd8e63758d6de9f65cc1c4c6a96ebfd59c6cc8e0fe4301563e6c53b7a98378c991de93d32778b13c64c477a96db872663a622c147e67671c298a9784711f33d6366458a8fcced4393315398142d938726631ec79024a6468289ec3cf38924a6e2c3e9ac784713f3863133624413f3236366449a96ea9231d3f18128a666cc7424fac8dccc8018f330d2dc32d8ce8018f30833a28af991315351316667309fc8628e18f338fe872ca666cca318ff46165331e6618c454417f38631f7632c045dcbd50c8831dfe244880bc6ecc62db0a910e277c2982304df258c0573b6b21484e73f28be181a09e6b7b5a5f845185331e63626969427b34af13b40db9858529ecc2af59d31c36481b9a90bc6a48fb9b5243d994dde1c61ccc9d692f46456a97f3266b89bfc90c7fcf0c2986f96ed4c66f502e82ffa245e7a8ff966d9ca6456cbf740ff0f6921fa8e19b78b39975242fd5d4238fdc69cec59b6b03259ac2c8770981bcdde62cef62c5b5899acfb520ea0feb69fabcff0d25fcc03cbe627b31b4b194162ae34fb7a0b4cb48a9958828db2eadf9b4fd1d7c3e9f810f3571b96efc6700bcdcda770fa893939b4146d58c2cd657798e2bc8f98df449b98ded672008eb9dd3be81766dc26e6ae2fe1a63f6f984eff305396172df4a584fc95ab9fc481668f3067c7964d2e335ffb12b231df309381b63f9861cad26c65b25c55f5be942ee836af38d0ec0f660c88a997bef43ce9b9b7552d21a73fc97edede40db1bcc69dab2f63273213d3f29afd49a51ee55640973bd3ee90be62cc3b2e66476e1b9fe6b951835f55e5fc28eb20798ab81b62f983118e63ee5aa35abf525e0565e0a53f40573228030b5e71fd4491c7d6029c7b0983ff73fce593f303307d93a985a1e5afae36a96e51f99a3ea98e2472f30b32dabef192cdc23cb538fc0d19165e97dd951b91e3ec4147db805166763fe6e6c796a329bb294a54700f9a5fc19d8db40dbfdc3e99c41b6f232336d797bfa1591c3724b5b961b918f30938da04e63c630980096253b3359cc9499f87e38fe4c5dc79c0a10cc51cad22fbded5311b3fc64298579d66dccbc41b6e206903eb6f4fda8f45641254c5de1e03385d9f4fb5d0d63c6b9985576d68ed797a7263f399625ba4d57914f633a5dc6cc1d64ab2d335396c5ab9285f4b33187aac262665003539c771733142098f39465d176815e6ff965639e9ace2eaaedfd65608aa0b3983108e628fdc0f472074cbdd86c136563ca2a83f3bba80ea6d355cc9980c0d47e46e51e5a6f476459bd358ff7fe4e8fb35998bb5dbdce6116595e980cb279980bcf750b31f3c7ceac39532d4cd14dcc290866c6209b33cc2ef7cec7f230e56df92d86931bb4d998675dc42c9afd94df9ad5599619b359edcbfdff321733b33717f5e64b9fb23fda8f0e62c68598bf990cb2abbaddefcde5c23f3a1dcbc7946e949a32e55554a73385d33dcc6f020273e4e6607ad25f46918a96cb959c9bfaaf0a30e53bb92c23797a0a94d399c940dba95b60020253fb05e56efacccbfc77b2b83e6fc6646ffd0f45e5d6c3145d3b9c9e82605efa354bc254540ff3bc5b98e109cb72fbecda6d1973500f53049dc29c8060cefd9631654d4ca74b98b35396a50e4dea37261866540fb3a1d7689bc18c4130eb372618e6a026a6d31dcce9494b61b22c691053d6c414e79dc18c41303d1f016654ee1a58ee162d79cc128d29ec36261ce6a06667eeb668c9630a104cdfc780f9b92ea6e806e61404d3a831e1308bc6d962ccb32e607e1520981e8ece2c1a678b3193d313e2987119cb0b8b6b4c58cc616dccb30e600a10ccb98f0453d6c6dcb4266dcc1804d3b0312131c7b5311deab7c0c25296275f34306c4c48ccfbda98d65f70b78d1983606a1f0fa65bf54d83e65e70b78c392b6779ea38f3121166fee2e46467dafe365acb98310ca68f097350bb3357ad4918b36c639ec01cb9983087f531c50b61cc1806738eaa33a501a64317b3746316636a1717e6b83ea6dddb0a563163184ce3e90f30e6c000d3a18a59be318b313d6498f70698bbd6248759be310bdfe7329ffe00634a134c87266685c62cec4cf3e90f34e6d800d3e6d5138b98151ab3a83301a63fd09803134c8724a680c11cf9e830872698496b12c38c8130e7f83065b96fe82a6a4d6298020613649405c6ccf97a83929db9694d5ab7c0a6953023bba32c74670eca7caba568fc1e912dcc500075a68f11736832cc6ece354961566bccfcce841965a1315da3ce5cb726294c01d49923949d997da6591a53d0c2acd898f99de911c22cff71cf49610aa0ce041a65c1310766988212e64c007526d0280b8e3934c47c21841943617a4831a521a6a08359b931736f27b85dc5fc4106b37263e67526d4280b8e99f5abaa75950fec90c114509d39c78a993503fa24aa8fb3f831a702aa337db49843534c8708a680ea4ca88589054cd71453d0c0fc26a03af3126f67cafa8726f66ef859c01460983e62ccc814d3a1700b6c0687e922c61c9b626e7ebb14f6c3e9180c7384b93307c6980e01cc3a96d97bb373cc98f7c698ebaf47448e3915609de963c6740d4ec0de8e3591630ab0ce845b98d8c094f55f34d83bd6c48d3913609d3942dd99e9e96ce5ce5cb5266ecc18ae33e7b831c726fbec76eede02638602ae337ddc9803734ce8bbb7c0985301d699908f4c1b984300cc73d498020e7384bc335db3add9a43063ce0031e7c8312504e61962cc1810d3ef03a68317b3eef4270b13f4916903f3f8c2c9875a1ffc075accbad31fe1fcb2fbc8b4d2996308cc33b498b51b33e3e6f41c3de600025360bd05f64d000eb33e7acca1e96edeeb4118c6c3e9096067c23e329bc0fc59f30983145300628ef077a60b82297062ce20312ff1634ae30da0d7abb7f8306348cc796f301d94980212d3c58f79b8d0d4b53ffb0b42cc2924a6268079b8d0fc244cc6596c982696a9aff5069effd8c11cc0600a7c983350cc4b72981f84c9388b0cd368944dfd2a0c9f02e63d10a6830e538062ba143087001b40a0df5701853903c5d4243025c49e4132cee2c29c9861fecfeefca7014c934fef20c314866577fe831c53e0c29cc162fa343023883d83cd5213d52db0b89798639065e6ebd10996c369a34ff2d71f7fc476e73fb631f572f15fb3711611a6c9f4e7afcd4f1bf6f7b83584b9db35d09fd7c9e487708e08d36094fddbe687edd99dffd8c64c626c3ccea2c034b53ceacc3911cce121a63468cd000da6c100b3fd617b76e73f963147dbfc77d3711603666cdc989ed5cdbca63ad360a075d0601a37e621a6a682e91e75a6496b064830eb1f98389998239f18e6e5eb9f188eb308302786cb9263cc4b2a9832856938ce22c0341f657d2fb23a99b58c79f5fa07ff30db37681f136094f5fdc8ea64d632e65c028db3ed634e8ce7b2479de952c1dcbd9f0782e9a0c014e68fcc83ced46430651a736234ceb68e390378641e74a6a633cc8e539866fb06addf029b40635e92c3f424c40cc8417038fd7ff6eea0376d658b03f8e809587805022a9ae5fd0691ba489756e813f7ada82aa28a15919a2cf81651599065952e9a9d17493ee7034252c0061fcf9c3373cef8f86d9eaeeeb506fff21f9f99b1c706a3fe195e9216b35498dd1ca6cbfc6c784c8797321bc59855807ac898fd7edf02b38383f91c1c731c08b3d35bf5cccbb4878ab93ae7c5c20dd3611dac191cd3a014b3c36ec5914967f4b839163d3cccaf979b533ea460cc6fa8984632e6b010133432495faffbeaf8d443c3bcdf9ef2e1aedab2c9c5ee3f6abbf4b38131c74898a34ad3ece9e0f1fdb8c3c2ecbe9ff2211066333066868439a83432e97dfe8bf990e2607eff7bcac7df61304d604c839e4c40d2d27f772efce3790f05f37ef79c6915ccf3dd7f742617736ad09309c0ec3dee1d2906e6b7bd53fea9b2a08987d90a8ae9d2cb26c5985583b98a2606e6fdc11f4810cc240ecc61859149ba7fdd1f1f7aee98df0fcef9abc21ad87ef18bf13074104ca75eb65188091899740f2e3ca0a02d55f978f8075221997768c9dceed71506d3e945bee2647eaadccbae62e48ef939f707122499ad8098195a32d30a98b90b5fdecf9646ecf1d1aa9fcd4d0039622601df0233f898e5d5cc2077e11f9d93f92d77ca3f4130b7fbcf86589c9e2362fe048f4cba79cc7357cc7ff3e7843f6ab0bfeee286d90c86393378f74c3866c185ffe588d9ff9c3fe71d14f362bfc376c34c82611a82645adc32577d62cf31998f0569b7c374ab66b79b09cbc3dc4fe625749899165cf80747cc5ec1397f41313f61de335f6f9a0130c798985de830b3e8c23f3a627e2b38e51f28e6396a329b813033c7761762da14b3e5e52c78f5abe2b4c1650ed3359949204c83893970189994cf01559cff0163fecccd19b826d384c19ca2628ea0985d02cc7f8bce094d2632663308e6982299777698e76e98f72e98fb0b2c6d9998192ae6302066df09b3838b6982601a0acca1bc64c680e97ccbdc7bd4f26d72561ee60536663300e61817733b9fd713877930679089c4746f75c17cde454f5635dbcd0d33dd2f8b09f01698c1c57c4de6c550dcd00477cee0f5193ddf8bd3736ccccd1410e0f9748a49836fb69306ddc361260666cb3be60ca1d5059880079a3d4de7fd0162a6b873064130336ccc01f071f69460a2fd7bc1297f07c334de310d36e608fa38fb67464b6097f8c3ccf54dd333e61ca3d17b63931e14b3601cf13bd4e274177f9869ec77f9b6c59ca1636ea68016807be6478267800afe40521826fa303300264aa3f38f41435ecf1b542f664b313f5a3ed0d5251899bc3d3be20f13a5cdf947ba406fce56af7f4a310776f54f1c98739c461f4e01c1de9abeaffc3c57f913ed76b7cc15e61de68396fb0f5cfac29ce163ae1fe9826dced5ad7ccb2cc7bcb7ba65ae3053fcfac7376686d3e8a7835903d8e65cb93e3175c7fc66f5e2d00ab3438169bc6222b5b97130d0846d1b7cd8cf96f7b280f733ad7ad9cee505c52dd32fe60d05e600bc077497e065db8f16b5ec2a994498cf1e3167588d3ec0046e9bb7ff021e209800ccfd49a05f5f81c93ca7a87fde6e9a7ede02cb283087f03d10bbd55eb5056d50f1b1fa1d7395cc73925ba6e5c714ec30b1dabc5701a5f03d10778bcfdf3d1cccddb89f43312feff0e77f5ee7da056236f6079ae00d2dff6e0404da060882d91fbc9ff3137837c4cb9408f3ca1be61cadcdc9fe407301c54cdf346196a064f607d5f68dd960d2d43f965fc6b0c29ce1357a1f13be816cdafbb9e27cb8006e6b09ddd472b3735e855d4a4734b7cc5505e40d13af3739d8d9b2caeeec9dde68d1e9e0ee37dbef0cd34a1bce2e897a59bbcf9c5861e2b579efa639a8f8dd840efc5f27da09ba3324ea65ed3e7362837983d9e8dd29208aef26d062e23f32f276bc78c29c61367ab79f158ed9c6bc2e2d4f986343d4cf2e87a23133cceb9278c2446df4eef7306463a2f6b256dfacb1c13444988487b85ed617e61cb7d18d5830713b2c9b0f105960ce8cbc68caeb653d618e915bfd140726722fbbae803cbc0586dc682ffdac074ceccb62bc2c4ea3b73a0accb648cca911184d81c1b4f89a5475ccb111184d71e58f27cccc088ca6c0609a4426a6118f49104c8befbc55c7a46876433aa69189392569f7936ccc36c9456992638e49da6d44639e19c53cfa6497344c43744dc83133a29637e4626662318d91a829d1b2fa1718ab624ec95a4edad3d2517ea1bb206f5f069388b9f6a42a6b890a9f84f46a54fe9c6655cc316df385611a669815d733a9311b9230dbc41723215e9cce14d31fa621c6348ae911f39914734eddfc4412e6583143cceb491b61be2f695262ce14937e1acf17e658317d621a524ca3988a197ad680c4b24f7f359e0931e78ae97102483e6643317315100de64c317dce19d0628e15d32fa621c4348ae973ce403ca651cc5c0544f216d88d62fa1d666e1f3620599c9e2ba66fcc1619e64c311533fcac81d061e676db3512cc4c317d631a324c2fad6f48c16c2ba662562f672930bd14b3340f8e481d662a6654982d224c2fc52ccdd844eac8e4754b680accb162fac74c883033c5f48f6988303db5fe4906e69962061a9b08c67c21c19c2ba6ff6166354cf87ae6d453eb1319989ecac1f59323048bd363c5f43fcc948e696460faba1a090966a6988aa9986e0709a6b7d63f49c03c53cc506313b92393f5037af89853c5544c166313b92393f5d8041f73ac988ac9a29c155cccaec626f89899622a268bb189e091c96a6c828fe9b1f50dfe986dc5544cabb109fe5b608a19a69835e6057d717aeeb1f54631778f9662d2621ad19833c50c85d9948dd9e08ee9b3fe79df43180f33534cc5544c8c154d644cafad4fb863668a19ae02925cff28665498cfc898377e9bffc41bf34c36e6dc6ff31bbc31fdd63f6f034d34cc99622a269372567431fb36d0544c124cc31413b856e6f96fd128e62e26f2e2b46fcc27ce989e8b59638463363863b685631ac5544c261590e862f6ede3d362310d674cef17e3051573aa9821315bc2311b7c31dbc231c78aa9985c2a20d9f58f784cc317d3ffb5682a2611e699ff6b91a062faef59706f9a8aa9984cea1ff998862b66886b81fa16580c9869ee7f52ea9fedf379588bd3217e805d3f5b4cf4b5e09888b965d616f3cb2df81073cbdc3e9f2719d3b29f055b5ecbe9655131a78230af6831fb8ae9b19ffd6f84bdecebc396a231eda299d2621ac5b43b9e286f9ad7726a595cccb189af9f953363100726693f2ba9978d02b34157cf5e0b2a7fb6cfb40bc73474fdaca860a26266a17e04590924aafc892499095534bf4a2a7f224926550974232b98504cd07a66384cbb687ea009663bd86530888bd3e13069a2292d98b1603628a2292e989898017f05c542d8b5ac71c9fab88a0393608dba232e989b578722c0b48ce607ec4e366830a3c16c2077b4d70283898879630446f30b6a251b389888987323319a29aa655b31434673d8c72b7e420773f31e581c98b66f2aa468b90c1dcc8830ad1f6e4faf902c430733264cfb97885214cae0c18c09d3e5bd93cef6474c3a0e8789077366e44613e52db0b6104cc87ae6d8488ea63be659f8dfdf445b9c66809984c46c2b26a7684a0f6664984938cc8cc3cf8f0ad36d075ae9c18c2c996e1dadf460c6964ca7e189ecea27424c1306d32826b3684a0f667c982604a6890d3333d2a329bbfa893299f69aa287257126d37ee6407a30634ca6753465573feb23be645ad740b2ab1f703221eb997c92691b4d3b4b46bfdba02d4e334aa6e514adecea071593d35fa8f18799194d26c7680aaf7ea2c534be308d62f2ac81a477b2d162da680aaf7e22c64c7c601ac5e41a4de1d54fcc98861c935b271b33a6a1c6cc14936f472bbd938d1ad3d0621ac5645cd14aef64e3c6acd8d10aaf7ea098c2d6332d3b5ae99d6c9c8bd3961dadf44e3676cc4acb27b22bd91a601a1a4ca398cc3b5ae99d2c22e698e90f6ce06332ed64e34f66858e567a271be573b3b69ad23bd93a2413dcd14aef646b914c838ad93335c0e49b4cb3c4c45c1a4d66c863b4c0c31c2966e0642e17589883e5423103632e91307bab53296668cc250ee6ea44e293296357cbe3f7cc25a8a385dc305927b319d116a5279309d004dc307927b35507cc4da096ce98bdcd6934990c9259ae09b8616a329924b3b4a385dc305927b355a3649669026e987549e69c7d32cb342137cc9a2473ce3f9925b74d98a5269349324f6b96173f9a4c4ec93cd9d1028a1f4d26a7649ed204596a32f924f394666921cb3d99b17cd9169ccc139ae5c50ff36446f3655b70328f1741304b4d26a7641ed50459ca4f26643d73222699c7344b0725dc93f98cb6383d9193cc239a204bcec9ac05661e6409c5ccff978c9339c1c3cc0425b3501364c93999b5c02c225942308bfe3b4d26bf641668822c35991c9399d72c1b93704f668288391696cc9c26c8927132eb81798ce56066eff87cac26937f320f348fae936832252473bfab0574b1ac93d9ac7932f734df2d874bc564fb2b9f964b08272096abe34b2d30a76c7fe57078da67b183d91b9dfe77d38e6206c62c117a4d675907bb71e7b90362154cd07a26dfe7469e009ab063c178e398cd7226d6e2f40de3640e87389869877132eb81f984a5997634991c9289d1d12ed8ee1abc396eeb934c77cd05efcdd6703133d6c974ef68d34e8d9299f14ea6ab66dad164f249a65b477bc779a7fdcd3c3b2ae6987b32d391f30d93f306a5f5c0fc3b973e72b7649bcc66dd30ad6f9b02b60e6ed50e73e856fc704e262e26db99f6ddef61f41c2deb92cca98464da643365ffdd287ccc8984645a1441a98cedf65f8098a0f5ccab5b19c9ac9acd54c017ddd6c7f30471719a2fe6e137a42a657328e54318937a60e65f2bb1ce25e364226366623047d696b549a61ccc74686df93faeb379c89833a665de75d1abb596969d0f53c50c5ab20fed340bdf8be7fae45a2d30d7ad2c8c66d913b28b42cb0f5c9f436c226372fc91af4d2cde5e640459bfcc0593e91332f16326db26fe28c43c51062dd2ced160ae8f2c7acc5bae96c7a279349c8b635bafbdfd667e9acf9163b6de2d8f44f308e7b158fe0d2643cd49dc983b96c7a3992f6b8f53ee0473758c23c764f5d7fab26b79229ac3de6e3a17a7f683feb077ca996286b13c19cd5525341c2e168bd5ff39fd0585abfd53722af8123026703d73c2a8e739b8ee27a309fd7c54fff09c8c3413a89140ccdbfce18e993fe78d6206b12c8f66e56072d26ca2634e79fd95568c6689655a7cd62c56cc0967cbd2685a04938fe6739c98cddb63871be6d1d3668ae9dfb22c9a76c164a2398911f3e5f6c4e1827975e2bcb3283133d69625d1b40de6ea982aa66fcb92685a0793c1f441428039e66d793a9af6c10caf498119b6bbb9ba2d3d6c31cb4f1d56b3191be62de0f86187d9079c7aae985e73b96aa41d26ecdc2187990498e1c626c92decf86183f90578f280c52c1c13ba5616eee7402d4f45d3319841375c398962b7381d6c32046c792a9acec10c3819448219646c9218f8d53e114de7606ebaa62cd01f3301668889ade43fffb46e11a28910ccffb3772f2d8e1b5b1cc083c1ce45ebc9642b046e37f2a7b870c9dd9a26e540af34625403dea59944e1f66e36fd3584c15ecc7236fe7ad7fdf6a324d5a9c739a7e4d24e0393a9e8e7ff51d529599632cb2934275e30572496d9d445345d04b3ccb2b48998369659261d44d34530d7fbb1106473eb05137d3adb3c5982ea6c05c3840473f53418fc6c0e03f33997fb343888a68360962fa3c1d69443c07cc9e5fe80e447423041ffe1d7e16067d313664391cbfd7105b9e6bfeb63fe5b82abec93e677ec65b60fcc822497fbab27ada3691fcc32a3d11c00e6a165966dada3097b8c4bb9c8cc6834279e30574496b03a5be96282825964449a5b4f9892c81258677fd7c304dd31e54d46a4193ae6a925b0ce567a984be32a8baa292198fafb99583b9ae796b03aab8aa6ed1db3c8a8347b51cc36a7911ed05358c25a7aaa68f67db956a79547a29978c35c5059825a7aaa685a0653aac684a21934a6da12d6d25344d332986546a539f686794b6509acb3e7d1b40c66cba8103437de30059925b0ce567d98b060566da3f2af192e66bb2570a979164d9bed92b62a8ba229fc61365496d03a5b75637eb49ffe20697ac42cc82c814bcdd3685add3157199966122866b725b4ce565d98c060de64649a638f981e5bed49b725b0a5771a4d8bae6c6795f5ade913b3a2ca25bcce56ed98c06016199de6c623a624cb25780a741c4d8b3ba6aa9587a6297c623654b9042f358fa369114ca931346f9a5e310bb25c82ebec51342d8259ea8ccdd3535e091013b29f29fd7467f52cc175b652634283a937383f9a132d14b3cd69e9a53bab6b09adb3f2831213fa91d01c9c976f150587a96d09dc3a398aa679304bedd179d0dc7ac574df9d4d7ecab40f697cd7340ea6d4fea8f9c8a6f48be97cc06b7d4bf014a83ac78406b3000ccf793613cf980bba5cc2ebec7b348d835942c69738d61c078509b304b7f4dea3691a4c091b9f63cd89674cc73320d8b502d7d9b7689a06b3c828357d633a9d0135c04b05dd3a79ffd937d360de4047d2826e0d00000ea34944415498b8bc3e4bdf980da1257ca9f91a4dc3604af80893cbc434b084d7d94f87981f7d57d9c7c35d9b36f18eb9a0ba5f9a2d355fa26918cc91c108dd35ddc7de315dcd809a9111e6c42c9a66c1ac8c86e84cd33fa6a319506266097a91cc4134cd82599a8d317554bd3681609a5a1ad4d94faf98bfa0545987ad2001c684ed674a376f5d33b784d7d9a7681a0573653c48279a0900c56873fa71864736f9315b6a3e45d32898a5f9285d340f2608982b9a4589799d7d8ca64930a5cd281d6862604aca5c9a2c351fa36912ccc26a98f6cd8365089856b934a9b3f2c37f4c82b9b61ba7f5024562605a169024b33cb606d13408a6b41ca6ed723341c12ca826b2c675567e30086691d16a4e503057b4962653a0ea37f8dfb11fa85df3000753125b1ad4d9cf7fa25759ebe5e6923de64f0e2e91414bafaec17dd9d2c5486d16281207b3a19ac89ad6d92f75fd15bfcada2d501224cc82d812dcd2abf707f0ae59391aea778b5b260aa6f10c68e4e80ae5e06082a3593a1aaaf194768b842909273f2675b6aee1d1743656d32fa1482ccc86d812b6d4fce319b3465d645a4f698d30c1fb99c6cf01650e2f10e4eef76259ff4d50658da7b40918c56873daf0d1912673796ce1c10445d3e9604da6b463344c83a70d12a7970750673fbd5902a259381dacc924688386b924bd61c2b64e7e7dc7d48fe6daf168e1a54ce06136c496fa75f6f381a57e345d8f163c094a10310bd21b26a4cefef710b32698fe984d82c688982bba892c6ca979144ced688edc0f3731b86522614ae222abddd23b0ea66634571e860b9c04a16282aa860f4bbdad932f2796f55f345516dc09129898909be63af372e837f20e8f254d95054e82c6a8982bda1ba6669dfd728ef917f622d3e8b6898ba97fd36c469eae4d6e124c9d68969e060cd80edb30c5f465a9f1b39a5f54987fa22f320d6e9b0217b3202eb23a4bcdba368966e16fc4bab7cd314fccc6df95e96de9fda1c6ec8be6dae390356f9b13534c93fdcc4ab7d79e643e8fa5ded6d7e9f191a8caeaaf363786285e31939157cc2bed0efbd1f195aaca6adf360536e682f686d95b673fd5adc76ff88b4c50a14d3862fa2db23d5b27bfb6637ea5aab29aeb93313aa6a02eb2dd2dbdcf75c7f137c122135068370c31d799f743bfc3ae1b4def1f408df589c0c75c10ae4a7a5b7a9dc1ec88e60a61d049ef2d931fe608e1bae446c1ec88668930e8be423b26c014e445b6bdce7ea96bb368a20cbaa7d06ed861362897a5adcef662fe8f6291a959680505e6827426dbb9d4fc571fe68f097a2b4fb7d08ed961225d95963a5b647d982d775bac5177155a1a4c415e64db5a7aa3ece76ecb3b75812ed0869d746f7f116036a433d9f63abb37b9eea9b2eabfb8c61b76d3f9c42c01e6823e98ca96dee31ff75459f5dc0971d889174cc3adb3ae2fdd2688174551679fd68abb9e2aab8a668939eeef1d5fb295c89bd35d5fba1d615e94549daf5917e637f5b20675dc6d73204985d990175985c94bbefaaaecf94c78853beea4f5bd1434980bca25665b9d7df9e38e3a7baffe1894b8e356cf81266498827489a95e6abefef3b3be2a7bf637913f8459def22a27469809b6e549c0de3ef8bd55f624d405fac09bb65b260de68241308f9b39effffcaeafca9e44b3c41fb8a2fd4388798bfdd84f5f9d3d98c4cc3a1726e7d1241878a35e9810610a06c13c2239f8e7d3de2a7bf4392808069eb7545922cc8641300f969a47ab8b87de2a7bf81411c5a7f02c9a0929e68241300f9e863efae767bd55f6f0af920c3c572e4ca83005f554f6a8ce1e97cab4bfcabecf9e4a92819fae35b79c307fa2c14cd52bc587de2afbdea81fd18c3c51ad32c93017745dd93391d339ccacbfcabe46b3221af87134c7c498b70c82f95a674f3f4af3fe2afbfa4128a9467e84b9b1c5b4d8cf14a73b276baa4b92a9411475f61f758d261bf8d114c85cc17e73faeca7c14664d764a2bcedcdfaabecf3df5d910dfcb0ce8ec931570caaecd39d4f5129e71a55f6299a3774236f0e1726d4989243957dacb3aa3fd5a8b24fd1241c786ef37b51ce311b0655760fa29cc2cc34aaec3e9a05256663f17b51ce310b0655760fa2fcd3b9e2b13c6e4763f11343ce3125d1e3225a874e95253e128b9f18728fd930a8b26dc74ca3ca121fb9c5afd2b8c72c48fbb2ddc735fb2afb5667272c302b06b74ccd647e638cb96581f95267d7592cb31637cd44f2c02cd8de3283c0ccdfb7321960aed856d920309febec960966d5b0c5dc858299482e980bae55f614f39ee52093b707466c312df7339f4e2bb6980f2160e6c66fd877bc39fdfafe7d96abccf34e3bcb413e6e83093e9805d35b661898d9c2f4a5ec5e3025d32a1b08e677d397b2fbc16c7862cec3c0bc4a0427cc55160626cbe66c966f5961ca8869330392bc307996d9eb3030a7cc30cb10ba794cb74db22d334c1906e61dcf2acb0d7314318d27b3ec308b88697a2cd961b2acb3bb103053c90f731d02e63dcf2acb0e93639dd57ba29df890ee305dec673e9f8580c9b09f975a5e76d79bd3cf9f8c9b8869728c39628adb8869720896986214310d5a79154f4c762dbdb9f285de0cab2c434c1931cda63f2c31b94d81aef9634ed962725b6ace3ade35cba595c716935bb75def051594472ef8629611d364fac31393d914e867ee9869c5199357b77dd7ffea3ce21e3b6bcc2262827aecac31794d81ea9af7b649ce1cb3648ec9aa9f37718de96c3ff3e5346242ba3fce2ebbe3cde997d375c404747f98632e22a6ee21d86332da089bb7fc0e2aa3ee0f77cc9b88a9776c02c0ac22a6eef4873f269f68ce3a7fa28f455b963d66c51a934d73560481b95c474c8d75491506269706ed8e33a60824995c1ab43b9d5f1ca26b18048259444c9d754918984cf6a81ff862a6221c4c1e7b273abfd247b55f1210a68c98ddc1947e301def67be9cde44cceee98f97cbee09f3366276af4b42c2e4b0ad3957633268ce4eabb0301711b3b361101426836dcd6bae98d3e030e9a3d9f26bf0f4db269be030e9a3d98279c72198a1612e226647272f304cf268ee7862e62244cc8227e63d876006872923667b8b3d384ce2683eb0c4dc048a491ccdba66d8cf4b45a89845c46c0966809832629e06b3f28ae9673ff3e5f426629e04d3cf75f6bb39fd724af908ed9c21662a02c65c2e1862fea0bc63068c49f9dddb6b7e98a9081a93309ab336cc3bc260869d4cba0e2d3fcc5c848eb98898876bccb031c9a2b9e3863915e1632eb861de130633744caa6ff871c39c8a21601275681f98612e078149f482e8ba66d5029a8a6160ae2266962e078229cb88391143c194178fe9e96b5f38df02a3ff5258ca0a732c30ae330e6685df39b86ec7c4efb4e7624098049d830e4cfc16901814267e536fc608733a30ccdb4bc65c0e0c137d0ec408732c8686292e163315c3c3446ed1eeda31919bb39b016222bf848d0de6540c1113b745fbc005530c1213b7455bd73c5a40e36a9898f20231f36aa0c9547e91281d0ea66a52b01d2ca6ea47fc3c61a604988affbb2b395c4cc5774f723f1776de85e9a9d35e2a76be703151f633df1e70bfc1c2bc668139c6bab0989bd36fa7cbb3fbca1501e63724cca91834e6f95e9827cc5917e61d12a61838e659a19d0c17f369893964ccb3423b20cce2ecf182c1639e74f5b6c3c15ca9fa78c3c63ce9ea796a0bedba303d3567a5aa8f3770cce3ed93a162e6e2229279bc7de2e91d160fc498380fca32c03c2ab41498fff8c79c5c0ce661a1f58459d7f8cd5979d893bd1cccf7429b0e097374d093bd1cccf7cd304f98735acced4561be6d86e524987e3aed6fff531379599872c098b9a4c244ddcf3c7ff2f2ca0fe67537a69f6d93d7593af295a4da9c3e3c2d7d62ceba31ef7c628e2f10f379ba303ccca9b8444c3948ccb4ba4cccc7d5e6644898c5e30af342311f3fc99e30775498938bc5dccfe5b724987e3aedfb523391978b29b3a51fcc0712cc2a97978cb99224987eb64d48af24034ce909b3ae099ab3178f59dd46cce1607a790fc99c02731a31bdbceca017d343a73d9711d3cb5b6508305311312be1e3f55dd77d98eeb74d04074caafdccc353e72f2299f5613a6f016d892e1d8fcde9a3d375e898131931cf9e220914732223e6c1e92864cca98c9847a7987d76c7985319318f4f57a8982e3bedb98c9827a74b97cbcd0744cc741931cf4f1d2e37fb2c1d6e9ba42262fafd19dc5e4c77cd591131d5a78be0305351454cbf3fb63947c3e473e9f8613ad2d4c0fce12a971153fafd493f2ccc8d88c9ec3c75a179dd8ff9cd552e2366d7a903cd1906662ad95d3a0efb99ceb7373530efec7329d85d3a8698f69a0898a988987aa72bf698a98898baa7b7763b623bdf98f93262ea9fdafd46a306e6fdffdbbb639c86612800c351a482948d81dd0b2a12d78854c682e4cc5dec8191050e50896b6449074616ae47d3814ab4294e6c533ff3b3fd1bf14721bcd7a8fe96608e7b1437d6d2c40ff32f3fdd220f4c9f7792bcbcc49ce75da47756c963da659298aab1604ec85582982ad1b34a1ed34ebc0dba8b87595930a7e653190d73d2a47d66c1f4c8c794301b0ba64f4e792fc96d1c4ca52d989e397e1a3477c11cbd36b9d16006c83606e6c8799eea8c00cce49672477275764c95eee124bd9c3e9ae579313716cc7069c6fcaafd0c8ca93616ccb05986c5749fb4cf041c8e344cf7fb20174be7071454a7c18c9165404cc7795e27e670a461366ee3bd709855a3c18c97cb3fc45456d8e148c3dc7ec74146b3bf63f6f7b06046cf3208e687c3bf9660c6cfd3e3da00986a26e83484636abd2c3d972627312b61a7211cf3d43265ee8639b4365195c0d3108ea99b214e47cce7414a30cf926d60ccaa937c1a56c23e73388d690f5f9e971331fb17a5e8d3d0b231fb1fc88399eda71be68f497b25f3f2f3c2ecf3a9f0c42c3ac9979f1766ffd58e9ce6edd726550e979f17e636db620ce66e9e57bce773f97961eefe80162ecf80ed5e99db1b1ea32d9829a7e9efd6afeac530e3babed2fd9d701ed79b35e6feb38cb47ea8ebfb7ab1fd7a5bdcbfaed7757dadb3bddeac3177698cb1dfb8c6180d26092609260926092698649a98a2f7996446cb69124c30493049304930c1e424c024c124c124c1049304930493e4293092e5349824982498249824986092609260926082498249824982491ec76419c8729a0493049304f3bfe517e369cbbf4229c3010000000049454e44ae426082, 1, 'ADMINISTRADOR'),
(2, 'Prueba', '$2y$10$0pu2cqw1C8FkpmhrKIjsROBsWsoXeuz41hgUqsGGJjd7t7sh1bwr.', 0xffd8ffe000104a46494600010101012c012c0000ffe1007345786966000049492a000800000002000e0102003b00000026000000988202000a0000006100000000000000427573696e6573736d616e2073696c686f756574746520617320617661746172206f722064656661756c742070726f66696c6520706963747572654b7269746368616e7574ffe1057b687474703a2f2f6e732e61646f62652e636f6d2f7861702f312e302f003c3f787061636b657420626567696e3d22efbbbf222069643d2257354d304d7043656869487a7265537a4e54637a6b633964223f3e0a3c783a786d706d65746120786d6c6e733a783d2261646f62653a6e733a6d6574612f223e0a093c7264663a52444620786d6c6e733a7264663d22687474703a2f2f7777772e77332e6f72672f313939392f30322f32322d7264662d73796e7461782d6e7323223e0a09093c7264663a4465736372697074696f6e207264663a61626f75743d222220786d6c6e733a70686f746f73686f703d22687474703a2f2f6e732e61646f62652e636f6d2f70686f746f73686f702f312e302f2220786d6c6e733a4970746334786d70436f72653d22687474703a2f2f697074632e6f72672f7374642f4970746334786d70436f72652f312e302f786d6c6e732f22202020786d6c6e733a4765747479496d61676573474946543d22687474703a2f2f786d702e6765747479696d616765732e636f6d2f676966742f312e302f2220786d6c6e733a64633d22687474703a2f2f7075726c2e6f72672f64632f656c656d656e74732f312e312f2220786d6c6e733a706c75733d22687474703a2f2f6e732e757365706c75732e6f72672f6c64662f786d702f312e302f222020786d6c6e733a697074634578743d22687474703a2f2f697074632e6f72672f7374642f4970746334786d704578742f323030382d30322d32392f2220786d6c6e733a786d705269676874733d22687474703a2f2f6e732e61646f62652e636f6d2f7861702f312e302f7269676874732f222064633a5269676874733d224b7269746368616e7574222070686f746f73686f703a4372656469743d22476574747920496d616765732f6953746f636b70686f746f22204765747479496d61676573474946543a417373657449443d223437363038353139382220786d705269676874733a57656253746174656d656e743d2268747470733a2f2f7777772e6973746f636b70686f746f2e636f6d2f6c6567616c2f6c6963656e73652d61677265656d656e743f75746d5f6d656469756d3d6f7267616e696326616d703b75746d5f736f757263653d676f6f676c6526616d703b75746d5f63616d706169676e3d6970746375726c22203e0a3c64633a63726561746f723e3c7264663a5365713e3c7264663a6c693e417473746f636b2050726f64756374696f6e733c2f7264663a6c693e3c2f7264663a5365713e3c2f64633a63726561746f723e3c64633a6465736372697074696f6e3e3c7264663a416c743e3c7264663a6c6920786d6c3a6c616e673d22782d64656661756c74223e427573696e6573736d616e2073696c686f756574746520617320617661746172206f722064656661756c742070726f66696c6520706963747572653c2f7264663a6c693e3c2f7264663a416c743e3c2f64633a6465736372697074696f6e3e0a3c706c75733a4c6963656e736f723e3c7264663a5365713e3c7264663a6c69207264663a7061727365547970653d275265736f75726365273e3c706c75733a4c6963656e736f7255524c3e68747470733a2f2f7777772e6973746f636b70686f746f2e636f6d2f70686f746f2f6c6963656e73652d676d3437363038353139382d3f75746d5f6d656469756d3d6f7267616e696326616d703b75746d5f736f757263653d676f6f676c6526616d703b75746d5f63616d706169676e3d6970746375726c3c2f706c75733a4c6963656e736f7255524c3e3c2f7264663a6c693e3c2f7264663a5365713e3c2f706c75733a4c6963656e736f723e0a09093c2f7264663a4465736372697074696f6e3e0a093c2f7264663a5244463e0a3c2f783a786d706d6574613e0a3c3f787061636b657420656e643d2277223f3e0affed00a050686f746f73686f7020332e30003842494d04040000000000841c02500013417473746f636b2050726f64756374696f6e731c0278003b427573696e6573736d616e2073696c686f756574746520617320617661746172206f722064656661756c742070726f66696c6520706963747572651c0274000a4b7269746368616e75741c026e0018476574747920496d616765732f6953746f636b70686f746fffdb0043000503040404030504040405050506070c08070707070f0b0b090c110f1212110f111113161c1713141a1511111821181a1d1d1f1f1f13172224221e241c1e1f1effc0000b0800aa00aa01011100ffc4001d000100020203010100000000000000000000070806090104050302ffc40041100001040102030505050408070100000001000203040506110712210813314161142232518115717282a1239192b14252536293a2b2c14355647383a3c3d2ffda0008010100003f00b9688888888ba7772b8da37a9d1b97eb56b379ce6d58e59035d3b9a012d66ff13b63bec3aedb9f22bb88888888888888888888a14e337684c0e87c9cf80c35139ecdc1eeced12f775eb3b6f85efd8973c74f71a3e60b9a5566e24716f58ebe8a6ad9b76362a330024a7055e68491f0bc099d2723c75f7d9caeea7aedd160ac9a666dc93cccdbc396470dbf55ee60f5beb4c1cac7e235767a9f21dc46cbf23a227d63712c77d4153af09fb4fde82c438ce23578ec56710d197a90f2c91ff7a689bd1c3d63036dbe13e2ad3d0b753214a0bd46cc36aad88c490cd0bc3d92308dc39ae1d0823cc2fb222222222222222c178d5c48c470df494b90b92b5f93b2c923c5d30377589837a123ca3692d2e7790207525a0ebe649269a5927b333e79e57ba496579ddd23dc777389f3249249f55c2222b09d9338b9069c9aa70f3370ca69642fbbecfbbdf6edad24bca1b0966dd18e90121c0f4749d46c4916f511111111111111510ed5b98b796e39e6e1b0f718718c82955611b7233ba6c8efdef91e77f96df2516a2222fc4b2490c4e9a191d1cb18e78ded3b16b875047a8216cf71d39b58fad69cce43344d90b7fabb80765f74444444444444543bb56d5756e3e6a279e82cb6accdfbbd9a367f361517a22227b3bee16d38fe3b0e1137ef71e51fcd6d05a035a1ad0001d001e488888888888888a92f6cc9a84fc680fa36eb587331304568452b5e6299b2cdbb1e01f75dca633b1ebb10a1844445ec6853506bbd38ebf3c35e937314cd99a6786323884ec2f739c7a001bb924fc96c9e19639a164d0c8c92291a1cc7b0eed703d41047885fa44444444444445ae6e2f559a9f16b58c13821e73b725ebfd5926748dff2b9ab1744445f9790d639cef00372b639c25a93d0e15691a365a5b3d6c1d28a407c9cd8180fea164e8888888888888a9376cbd3afc3717beda0c736ae7aa4733643d1a6689a229183d435b13bf3a85d11117b1a174fc9ab75b6174bc4d7bce4ae470ca19f1361df795ff9630f77d16ca5a035a1ad0001d001e488888888888888bc2d7fa72aeacd1b96d3f659093769cd045248c0eee647c6e63641b8e8e6f36e08eab5b6e8e689ee86cc4e8678dc592c6e1b163c1d9cd3ea082111115d2ec6ba5e2c570a22ced8ad17b6e5edcd62395d10ef1906ed8dade6db7e53dd73ede1ef82a6f444444444444444545fb58e94834c7182e58a8e60ad9b88648463c6391ce2d977fc4f697eff003791e4a26445e9695c34ba8f5462b4fc33b6bc993b9154133ba88f9de1bcdb79edbefb79ad9261b1d4f0f87a589c7c421a74abc75abc60fc11b1a1ad1f4002eda222222222222222a5bdb66c09b8cd5626bb71060abb08f938cd61c7f42d508222f7787561b5388da56dbcecc833946477dc2c464fe9bad922222222222222222f373b9ec360cd2196c8c151f7ad474ea31eef7e79a4706b58c68eae3b91bec3a0dc9d802452eed835afc1c70bd3dcaf2475ecd3ae694847bb2b1ac01db1f987f3023cba7cc28851176f075afddcee3e9e26bc9672135a8db5618c6ee7c9cc081fa6e4f9004ad923b3d866ea51a6df918199775516d951eee57c909739bceddfe200b4efb6fb74df6dc6fe9222222222222fc4d2c70c2f9a69191c6c6973def76cd681e2493e01467ac38f7c2fd37cf19d44ccbda68e95f12df6924fcb9dbfb307d1cf0a1cd5fdabb3360be1d25a5ea5166e436ce4e5333c8f9f75196869fcee1e8a3ce1867f3bacfb42e93caea6ca58c9dd7645a43e5239636b5ae706b1a366b1bb8df668037ebe277574788da234febed392e0f50d4ef61279a19a321b356936e9246edba387d411b8208242a27c5ae1ce7f86da88e3330defe9cc49a1918d84456983f7f2bc7f4984f4f224104e1cbbda7f0f95d439bab84c1d196fe46dbf9218221d4fcc927a35a0752e3b003a92aeff0001783589e1b63c5eb6e8b23a9ac47b59ba1bee420f8c50efd433e6ee85e46e761b35b10f6e43353d71a43255279ab5b6539cc53c3216491b99230b5cd70d8b482e3b10bc2d15da775d61618aae7a8e3f51d78c6dde3c9ad65df2de4682c3b7e0dcf99533690ed2dc38cd72439596fe9db2ed86d7a0e6889f4923e6007abf954b784cc6273945b7b0b94a393a8e3b09ea586cd193f89a485de444444513f19b8e9a6787570e1d95a5cde78303dd4a090319002376f7d21079091d4001cedb6240041303eaaed3fc41ca31d16129e274fc6ef09238cd99da7d1d27b9fbe35126a8d4da8f54cddeea4cf64b2e79b99acb561cf8d87e6d8fe06fe5017903a0d82e566fc039045c6bd20f3ff326b7f89ae6ff00bad852f1f59698c26afd3d6303a828c7728ce3ab5dd1cc70f07b5c3ab5c3c88eab5fbc4fd2f4747f10325a628ea0ab94ad52611fb66cefd8efe2c9795a7df6783b903bc3c03b760ba7c08e19e99d01a6a2b189b10e5afe421649632edd8fb4b080e688c824362f0200277e84927aa91d549eddb203abb4b45e6ca161dfbe467ff955d117df1976f62af0bf8abd6f1d700d858a93ba1940fc4c20feaa53d25da2789f810c8ace4ea67abb76023c95705e07a49196b89f57732987877da8b0398c9c58dd5d873a77be7064779967bfac09fed096b5d18df61bece03c4968eaac30208041041f021111781c46d491690d099ad4b3063becfa724d1b1e761249b6d1b3f33cb5bf55ae2b96addebb62fdfb0fb372d4ae9ac4cf3bba491c77738fa92495f244459270aec8a7c52d2365ce0d6b33b4839c4ec034cec6b89fa12b63aa2ded3da8b57e9ae17dabda46a3cbdefeeeedd89dfb4a101079a56b7c77f01cdfd0df9bcb7143c01b74ebe7befbeeacdf623d45abe6b590d342ac9734a5661945991db0a33b8efdd30ff483f72e2c1f0fc5d39bdeb4ea9b76e0b424e2be2aa020f71848de763e05f3cdd3f7307ef0a074445c1ea362aea7636d5f36a0e18c983bd3f7b734fce2ab4b9dbb8d670e6849f41efc63d230a6e4455f3b716a134740e274d45216c998bddecadf27c15c0711fe23a13f45505111170ee7db78dee8de3ab5ed3b169f223d42d8ff000c75345acb87f84d4d1f2735fa8c7ccd6783261eecacfcaf0e6fd177359e7719a674a64f3f98701428d67cb337a12f00746007a1738ecd03cc9016b7325685ec95bbcda5568b6ccf24c2ad6672c300738b846c1e4d6efb01f2015d6ec85a9f179ce1357c554a95695ec23fd96ec303030484f564e40f1320eae71f17b5ea645aeee356a76eb0e2aea1cf432092a4968c151cd3bb4c11011b1cdf4706f3fe72b0f44445357633d44711c5e38792470af9da5241ca3c0cd1032b09fb98261f995d7445497b65670e538cafc631eeeeb0d421ac5a7c04b2033388fbdaf887e550c222222b4bd86f57f3d5cce85b526ee85df69510493fb3710c99a3c800ee477a991cb21edc57e6afc2cc5d18a7731b77351327603d248d914afd8fa07b633f780a9ca9cbb12df92b717aed1ef9ed82ee1a5e68c1f75f232588b09f50d326df88ab11da47583b45f0932b7abca62c85e1f67d020ece12ca08e607e6c607bc7e0540d8d0d686b46c00d805fa44445ea68fcdbb4d6aec36a26976d8cbd0da786f8b98c782f6fd5bcc3eab658d21cd0e690411b823c0ae516b7789197fb7f889a933424ef23b994b1244ef9c5de16c7fe40d1f45e0222222c8786baaa7d11af30faa61e77368d806c46d1b9920702d95bb7992c2edbfbc01f253f76e7c9c36b15a223ab3326ad71d6adc7230eed7b5ac8435c0f9822555814a1d94acbabf1f74e3078596da85df77b34aff00e6c0b20ed93acbedfe23c5a6aa4bcd474fc5c92729e8eb5200e7f8743cade46fcc1e70a0f444445c380734b4f811b15b0ee05667edfe0f695c9ba4324aec6c50ccf2772e9621ddc87f8d8e59a2f8de165d4676d3746db2637084c9f087edeeefe9becb5f1ad7847c40d0b13bed9d3d626a50376390a20d8ac5a07c45cd1ccc1eb235ab09639af68731c1cd3e041dc2fd222222c9353eadb9a8348693c15de77bf4e4366b452b9dbf3c323a37463d39433936feab5beab1b5eff0eb51bb486b8c56a76c06c3b1d23e56c40edce4c6f6804f9025dd7d375e25bb36aedcb17af4eeb16eccaf9ec4cef8a491ee2e7b8fa9249faaf9a2222e17b9a3f48ea9d6163b8d2f80bf9621dc8e9208f6858ef93e576cc69fc4e0af27679d279fd11c2ea3a7351ba99b704d348c6d694c8d8d924864e52481ef0739dbedb8f912a4244582eb6e1170eb5849258cc698a62e484b9d72aef5e7738f9b9f1905ff009b71e8a19d59d93a3f7e5d23aba56ec3ddad95803f73ff00763e5d87e4715156a7e03715302647bf4d7da9033c67c5d86ce1df730f2ca7f8147596a37b0f67d973142e632c7f6376bbe07ff0bc02bae082370775ca2222222e223df5865784196779d99146399ee3e8d1d4ace34df08b89ba80838fd15958e3e9bc979829b403e7fb62d2e1f841529e96eca5a8ac96c9a9f5463b1d1ee0986844eb2f23e5cefe40d3f47053068eecf7c30d3a592cb867e76cb7fe365e4efc1ffc4008bebc9ba94eb410d68195ebc31c30c6d0d6471b435ad03c0003a00be8888888be766bc16a07d7b30c73c2f1b3e391a1cd70f507a1584e6f83dc2fcc077b6686c2b1ceeae7d4ae2abc9f99745ca49faac3b2fd98b861709f63666f13f2f65c817edfe309163791ec99a7de4fd9bacb3300f2f6a8219bfd218bc697b23dc1b98b88901f907e108fd458ff0065d57764ccef37bbae31a47cce35e3ff00a2fbc3d92322e1fb6e20d48cff00730ae7ff0039c2f4e8764ac7b48fb475d5d9879fb363d90ffa9ef591637b2cf0eab481f6b23a93203cd935b8d8dffd71b4feab2ec3702b84d8a787c1a2e8d977fd74925b07f2cce70fd167586c36230b5bd970d8aa38d83fb2a95d9133f73400bbc888888888888888888888888888bfffd9, 1, 'USUARIO');
INSERT INTO `usuarios` (`Id`, `Nombre`, `Pass`, `Foto`, `Dpto`, `Tipo_Usuario`) VALUES
(3, 'Marisa', '$2y$10$JBFBkPEBqnjRlOyhkA7O3.dOpGTZDzfxFJkkvE8YUvZC4.7Yr4FOa', 0xffd8ffe000104a46494600010101012c012c0000ffe1007845786966000049492a000800000002000e0102004000000026000000988202000a000000660000000000000050726f66696c65207069637475726520766563746f7220696c6c757374726174696f6e2069736f6c61746564206f6e207768697465206261636b67726f756e644d727357696c6b696e73ffe10577687474703a2f2f6e732e61646f62652e636f6d2f7861702f312e302f003c3f787061636b657420626567696e3d22efbbbf222069643d2257354d304d7043656869487a7265537a4e54637a6b633964223f3e0a3c783a786d706d65746120786d6c6e733a783d2261646f62653a6e733a6d6574612f223e0a093c7264663a52444620786d6c6e733a7264663d22687474703a2f2f7777772e77332e6f72672f313939392f30322f32322d7264662d73796e7461782d6e7323223e0a09093c7264663a4465736372697074696f6e207264663a61626f75743d222220786d6c6e733a70686f746f73686f703d22687474703a2f2f6e732e61646f62652e636f6d2f70686f746f73686f702f312e302f2220786d6c6e733a4970746334786d70436f72653d22687474703a2f2f697074632e6f72672f7374642f4970746334786d70436f72652f312e302f786d6c6e732f22202020786d6c6e733a4765747479496d61676573474946543d22687474703a2f2f786d702e6765747479696d616765732e636f6d2f676966742f312e302f2220786d6c6e733a64633d22687474703a2f2f7075726c2e6f72672f64632f656c656d656e74732f312e312f2220786d6c6e733a706c75733d22687474703a2f2f6e732e757365706c75732e6f72672f6c64662f786d702f312e302f222020786d6c6e733a697074634578743d22687474703a2f2f697074632e6f72672f7374642f4970746334786d704578742f323030382d30322d32392f2220786d6c6e733a786d705269676874733d22687474703a2f2f6e732e61646f62652e636f6d2f7861702f312e302f7269676874732f222064633a5269676874733d224d727357696c6b696e73222070686f746f73686f703a4372656469743d22476574747920496d616765732f6953746f636b70686f746f22204765747479496d61676573474946543a417373657449443d223538373830353135362220786d705269676874733a57656253746174656d656e743d2268747470733a2f2f7777772e6973746f636b70686f746f2e636f6d2f6c6567616c2f6c6963656e73652d61677265656d656e743f75746d5f6d656469756d3d6f7267616e696326616d703b75746d5f736f757263653d676f6f676c6526616d703b75746d5f63616d706169676e3d6970746375726c22203e0a3c64633a63726561746f723e3c7264663a5365713e3c7264663a6c693e4d727357696c6b696e733c2f7264663a6c693e3c2f7264663a5365713e3c2f64633a63726561746f723e3c64633a6465736372697074696f6e3e3c7264663a416c743e3c7264663a6c6920786d6c3a6c616e673d22782d64656661756c74223e50726f66696c65207069637475726520766563746f7220696c6c757374726174696f6e2069736f6c61746564206f6e207768697465206261636b67726f756e643c2f7264663a6c693e3c2f7264663a416c743e3c2f64633a6465736372697074696f6e3e0a3c706c75733a4c6963656e736f723e3c7264663a5365713e3c7264663a6c69207264663a7061727365547970653d275265736f75726365273e3c706c75733a4c6963656e736f7255524c3e68747470733a2f2f7777772e6973746f636b70686f746f2e636f6d2f70686f746f2f6c6963656e73652d676d3538373830353135362d3f75746d5f6d656469756d3d6f7267616e696326616d703b75746d5f736f757263653d676f6f676c6526616d703b75746d5f63616d706169676e3d6970746375726c3c2f706c75733a4c6963656e736f7255524c3e3c2f7264663a6c693e3c2f7264663a5365713e3c2f706c75733a4c6963656e736f723e0a09093c2f7264663a4465736372697074696f6e3e0a093c2f7264663a5244463e0a3c2f783a786d706d6574613e0a3c3f787061636b657420656e643d2277223f3e0affed009c50686f746f73686f7020332e30003842494d04040000000000801c0250000a4d727357696c6b696e731c0278004050726f66696c65207069637475726520766563746f7220696c6c757374726174696f6e2069736f6c61746564206f6e207768697465206261636b67726f756e641c0274000a4d727357696c6b696e731c026e0018476574747920496d616765732f6953746f636b70686f746fffdb0043000a07070807060a0808080b0a0a0b0e18100e0d0d0e1d15161118231f2524221f2221262b372f26293429212230413134393b3e3e3e252e4449433c48373d3e3bffdb0043010a0b0b0e0d0e1c10101c3b2822283b3b3b3b3b3b3b3b3b3b3b3b3b3b3b3b3b3b3b3b3b3b3b3b3b3b3b3b3b3b3b3b3b3b3b3b3b3b3b3b3b3b3b3b3b3b3b3b3b3bffc20011080264026403011100021101031101ffc4001a000100030101010000000000000000000000030405020106ffc40014010100000000000000000000000000000000ffda000c03010002100310000001fb3000000000000000000000000000000000000000000000000000000000000000000000000000000000000000000000000000000000000000000000000000000000000000000000000000000000000000000000000000000000000000000000000000000000000000000000000000000000000000000000000000000000000000000000000000000000000000000000000000000000000000000000000000000000000000000000000000000000000000000000000000000000000000000000000000000000000000000000000000000000000000000000000000000000000000000000000000000000000000000000000000000392b9c1e1d12929d000000000000000000000000000000000000000000000000000148a67800009cb2583a00000000000000000000000000000000000000000000000e4ae552100000007a582c939e8000000000000000000000000000000000000000000042669c8000000000074592c131e8000000000000000000000000000000000000000040669e000000000000007a4a760f4ba7600000000000000000000000000000000000042661e0000000000000000001b27a0000000000000000000000000000000000038328e400000000000000000094d5000000000000000000000000000000000001e196440000000000000000000bc5c0000000000000000000000000000000000014ca20000000000000000000ecd63d00000000000000000000000000000000000f0c83900000000000000000004e69800000000000000000000000000000000000aa67800000000000000000000d83a00000000000000000000000000000000000cd2b800000000000000000000d02d00000000000000000000000000000000000641c000000000000000000000b85e00000000000000000000000000000000000c63c00000000000000000000164d100000000000000000000000000000000000c50000000000000000000002734c0000000000000000000000000000000000318f0000000000000000000004c6a00000000000000000000000000000000000641c00000000000000000000098d400000000000000000000000000000000000cb2100000000000000000000139a6000000000000000000000000000000000019e5500000000000000000000164d100000000000000000000000000000000000a65100000000000000000000168d000000000000000000000000000000000000ae66800000000000000000000ba5d000000000000000000000000000000000008cc9000000000000000000001a05a0000000000000000000000000000000000018c7800000000000000000001a4580000000000000000000000000000000000088ca000000000000000000001a05a00000000000000000000000000000000000cd2b800000000000000000000f4d83d000000000000000000000000000000000066100000000000000000000001ae760000000000000000000000000000000000cd2b800000000000000000000f0da3d00000000000000000000000000000000005129800000000000000000000e8d800000000000000000000000000000000000aa678000000000000000000009cd3000000000000000000000000000000000008cc900000000000000000000174ba00000000000000000000000000000000000320e0000000000000000000035494000000000000000000000000000000000005129800000000000000000024358000000000000000000000000000000000000e0ca39000000000000000000344b20000000000000000000000000000000000000ae66800000000000000000b85e00000000000000000000000000000000000000194440000000000000000f4d73a00000000000000000000000000000000000000150a00000000000000000b2688000000000000000000000000000000000000001e18c0000000000000000d12c8000000000000000000000000000000000000000334ae000000000000003d360f400000000000000000000000000000000000000010198000000000000002d1a00000000000000000000000000000000000000000032c84000000000000035494000000000000000000000000000000000000000004465000000000000025354000000000000000000000000000000000000000000148a40000000000005b2f8000000000000000000000000000000000000000001c9e99a40000000000002e17800000000000000000000000000000000000000000084a46819c420000000000170bc00000000000000000000000000000000000000000042659d97ca8400000000000b468000000000000000000000000000000000000000000109960164f4aa0000000005834800000000000000000000000000000000000000000785229800129c1c80000000746a9d80000000000000000000000000000000000000002b99e72000000000000003d2e174000000000000000000000000000000000000000c73900000000000000000d42600000000000000000000000000000000000000e4c63d00000000000000000d12c800000000000000000000000000000000000004066000000000000000000bc5c00000000000000000000000000000000000000a05400000000000000000129a87a00000000000000000000000000000000000040669e000000000000000000164d03d000000000000000000000000000000000070522a80000000000000000000090be4e000000000000000000000000000000011950aa780000000000000000000000131749c000000000000000000000000000119015c8000000000000000000000000000485a2c12000000000000000000000e48c8c8c8ce08cf00000000000000000000000000000001d93121212121e800000000000004057202300000000000000000000000000000000000000007874484a4e583d0000000010940880000000000000000000000000000000000000000000001d170b67a0000005428000000000000000000000000000000000000000000000000026348e800002a99e0000000000000000000000000000000000000000000000000025350f4000e0c93c0000000000000000000000000000000000000000000000000002f170000cf2a80000000000000000000000000000000000000000000000000003b35c007263800000000000000000000000000000000000000000000000000000d32700a85000000000000000000000000000000000000000000000000000000168d000cc20000000000000000000000000000000000000000000000000000001d1ae7a78630000000000000000000000000000000000000000000000000000000348b0542800000000000000000000000000000000000000000000000000000002c1a4639c800000000000000000000000000000000000000000000000000000006a1fffc40029100002010302050403010100000000000001020300405011120421313360132230321014204190ffda0008010100010502ff00912485a33ad7ec57ec57ec0a1321a041f0679abaff0062671427534083e00481467514f233fc7d284ec2966439d924094cc58fce18ad2ce684a8733249b0753663957aaf5ebbd7aed5fb0d4a755c8c8fb013a9f0a660aac4b1b98c6b264647ded7502f2c84efcae9177b74c81e409dc6ea13a49909ce89780ee18f9ceb25e407d98f7e725e70fd71ff00ede41dcf0c87b98f3d6f21eee3dfef790f771f2f76f21ee63e7fbde41dcc7f10395e70ff006c7cddbbce1f20e354bc83e990e9790f6b1eee105e407d98f9fb9780e871f3776f57eb8e9fb9e19c475bc5e6d8f9c7b2f211ac98f71b92f38719171b5eee31b53213addc6bb9f22c3729054dcc29b57252a6e5b88132b2aed7b6ea40d065271edb6806af96e96d08d132d32e8f6806e397957725a40beecc4abb5ece35da9989137ad94637499a992cb87fb6649d054b1ec361c3e6a5ed47294ae4eb247b0fcfc3f5cccbdba562855d64124453e7e1fef9997b7f95988a31abfcd0f7331d2a49411fcefd6b97c80ed6560c32d24bb2998b5a83a524d9663ab5bc4758f26790b883b79394e91dc70e7964e76e7711b6c7c93ca1289d4dcc72edc8160b4f3137aae5292556c633aad34e68f3c02cacb4b2ab61cba8a33ad34ce70ab232d0e2050756bdd40a32a0af5d6bf62bd77af51cd124e2c3b0a13b50e22bd74af512d5a545a3c41a3239cc6a457a8e284ed427535d7e579025348cf9f04ad24ff1c92e9e069214a0430fee5936f82c6fb0ff004cdb549d4f82c0dcbf99db56f0646dadfc13b478444dba3fcce7dbe1101f77e663ac9e10a76b7e0f21d7c2a13ac753be83c2a16dad44eade1711dd1fffc400141101000000000000000000000000000000c0ffda0008010301013f01394fffc400141101000000000000000000000000000000c0ffda0008010201013f01394fffc4002c10000102030606030003010000000000000100112140500231516061711012203241812230910370a190ffda0008010100063f02ff0091312bc95dbfeaecff0055c55ea1919ac7ea8f5defba8c140e408a845603eb828c561bd7754e6420597c82bff6b3aa732902cbb97857057040d4b54e725b94e66854b49be6a8f28f336d5174f37bd45b19d06a1b4eb6150b5bcedac9bebfa68542d6f3a2a07268da77d54019d3936d540ed3beea2d382a119d6c2a1ea75c540cf0a7fac9b64ce8dea1b19ddaa044e935122700a88b53605499319a7379a9ea26798fac98c9aaaf84bbe1576967c6aef8cab6358d44af36159d0ca015969315be71ee489ad39e0e2e91b55a298c42c42d242d568f08263f89fc7de76ad1e86b5109ff008cfac91ca3abe439940fefd80a71576f2a265609adfed589981547c9a6648aa0b332fe2a7aa7334c6ea844af8c2760b034c895f10a340c42c0d1e3682807586d45815f20a06762bb95c576af0bb944bd2e168af0546cf0ee12b7beca0177562f2bb94402a30fbb5c169857e0597ca1afd6d66fc87a271f430bf22e9d6e9ce46e5c3ab970c8e0f4be491d0d8e49231e8db2483c5d3e4adb872e392db1e04e4c04afffc4002a1001000102050206030101010000000000011100312140505161417120608191a1b11030c1d1f190ffda0008010100013f21ff00c893a48ef43b7a0571aa741d52ed5b17b9404a138f2346d0554a9777c460c8c3b95b494b65f9940c8271e4002501cd75a57047b07eb154a478ae943ed57567ae81dd58a9333fcc85eaa0ba9c95b6fd9ac9c462ec52a892bd7289b8ec681dddcae2f6fe74918ba4ea43beac52224ae66f850411a8b2ff00b52bbce6a3bb33a976e5b37127d7035183aabbb66e17df4000300d4108ac53abbb9b89e11a8c66f6705112e63462f5350c0366766e66a0e4674b03b6a0b29ddcedef26adf6750108e73bf635011de677ec6a063973b6fb3a8184df3abda83b198ce8c7d8d40cbe11ce8bbb6a101dd674e377d449276319cfb9f7a84aae6c6f532cb77386eead414c36ce90af14320efa7fc033adabe169e3dd9d36d407b833a21ee35098b9d20784ea1cec67703d3d47849c339ba918ea38c1d9cdec65dd4851d9a7378cd6007f0d4f1b383322e16aa933a389970405dc288c583559cef65fb2bab2488f5a452ae6196e758b57e2d8f2ac27aa280082c6af3d1b865664b81acd9b70ca6e45dd6647aba56230e09928c74bbe4dc0ec88d682620fc6e07e3237fa3fbad7c5aff80353d22526f3b390fa9ad7c3fc4f1f737a8758b7558031fafef581ad3e1f830f3eea223735446121d9fdae3bc4d65412b053f199ebe1b3260ef53105cacfbd27f15dfb1c1e8d4999d5c3009fad273365514a478a9d3561c9ae619ededaa2976145b31f63aa779e199ec66754981d3173308aec1d4f08beda44495cd7c7eed42248c9a795311582e06fd73af62c366b05f41d32c314ec22e5a4a94af3a061f3c4d61f3c0e90e0d7be15d4614e744d8cd9aeb1392ad1b9d41283bd7467a6349d9295d3ded29b3d29be5e95703b9d30c06e501d43b3342dd4ee509fed42364729ba1b51b6cef5715e986af0516c5d9a2d97ae342ff02bad3be8412327edbb63b157863635f7a5a80e07b16abfeaf9f1daaecb8be42762fb68c248fe889d7fc791579f7286493c44cfa5235c7c8d3a7c8ede2c116bbbf91f835c7c26afa14aaab771f24730307c119def24c7b149e09c3647927845fca1158c6954abb8f92a1b7c1f8c077bbb792f155beff8662ebe4c5b82bfffda000c030100020003000000100000000000000000000000000000000000000000000000000000000000000000000000000000000000000000000000000000000000000000000000000000000000000000000000000000000000000000000000000000000000000000000000000000000000000000000000000000000000000000000000000000000000000000000000000000000000000000000000000000000000000000000000000000000000000000000000000000000000000000000000000000000000000000000000000000000000000000000000000000000000000000000000000000000000000000000000000000000000000000000000000000000209040000000000000000000000000000000000000000000000000001000008040000000000000000000000000000000000000000000000048000000000040000000000000000000000000000000000000000000008000000000000240000000000000000000000000000000000000000000000000000000000041000000000000000000000000000000000000000000000000000000000200000000000000000000000000000000000000000000000000000000000000000000000000000000000000000000048000000000000000000000000000000000000000000000000000000008000000000000000000040000000000000000000000000000000000000000000000000000000008000000000000000000000000000000000000000000000000000000001000000000000000000000000000000000000200000000000000000000040000000000000000000000000000000000040000000000000000000000000000000000000000000000000000000000000000000000000000000000000000000000000000000000000000000000000000000000000000200000000000000000000000000000000000000000000000000000000040000000000000000000000000000000000000000000000000000000008000000000000000000000000000000000000000000000000000000001000000000000000000000000000000000000000000000000000000000000000000000000000000000000000000000000000000000000000000040000000000000000000000000000000000000000000000000000000000000000000000000000000000000000000008000000000000000000000000000000000000000000000000000000000000000000000000000000000000000000000000000000000000000000240000000000000000000000000000000000000000000000000000000040000000000000000000000000000000000000000000000000000000000000000000000000000000200000000000000000000000000000000001000000000000000000000240000000000000000000000000000000000000000000000000000000040000000000000000000000000000000000040000000000000000000008000000000000000000000000000000000000000000000000000000001000000000000000000000000000000000000000000000000000000000200000000000000000000000000000000000000000000000000000000200000000000000000000000000000000000008000000000000000000000000000000000000000000000000000000000200000000000000000000000000000000000000000000000000000000008000000000000000008000000000000000000000000000000000000001000000000000000000000000000000000000000000000000000000000040000000000000001000000000000000000000000000000000000000000000000000000001000000000000000000000000000000000000000001000000000000000200000000000000000000000000000000000000000040000000000000000000000000000000000000000000000000000000001000000000000000000000000000000000000000000000000000000000000000000000000000000000000000000000000000000000000000000248000000000001000000000000000000000000000000000000000000008000000000000000000000000000000000000000000000000000000000048000000000040000000000000000000000000000000000000000000001240000000000000000000000000000000000000000000000000000200041000000000000000000000000000000000000000000000000000200000000000000000000000000000000000000000000000000000000200000000000000000000000000000000000000000000000000000000240000000000000000000000000000000000000000000000000000000040000000000000000000000000000000000000000000000000000000008000000000000000000200000000000000000000000000000000000000000000000000000000040000000000000000000000000000000000040000000000000000000000000000000000000000000000000000000240000000000000000000000008000000000000000000000000000001000000000000000000000000000041000000000000000000000200200000000000000000000000000000000041240000000000000008200000000000000000000000000000000000000001200000000000000000000000000000000000000000000000000000000000001000000008000000000000000000000000000000000000000000000000000000040000000000000000000000000000000000000000000000000009000000000000000000000000000000000000000000000000000000000000000000000000000000000000000000000000000000000000000000000001000000000000000000000000000000000000000000000000000001001000000000000000000000000000000000000000000000000000000200200000000000000000000000000000000000000000000000000000008040000000000000000000000000000000000000000000000000000001000000000000000000000000000000000000000000000000000000000000000000000000000000000000000000000000000000000000000000001fffc400141101000000000000000000000000000000c0ffda0008010301013f10394fffc400141101000000000000000000000000000000c0ffda0008010201013f10394fffc4002c100100010105070403010101000000000001110021314151614050718191a1b1c1d1e1f02030601090f1ffda0008010100013f10ff00913080e1289a4e0ea40778a6d5e9ac3d2b307df0a7f8e3eb5005ae4c77bab5114a4fe1a71852c6f9cb3e34c58d7a4bf926645890d4508ca1eb7d440e67ea1ed5aa7253fc0232abd5050cc5b420ead0ca09cfe2e3faf5fd4a1ab24ea2d753daa005c8b075ba8441191b937e435cb2f7722ad536061c06c09ce98363caea8604f05e9ff95718797d0a11246477c58001c0d5d29e02a558ec8bcb5ac78a8f040c01f9a06f4e2bdeb3fa0fbd7d5688f01a0c24de53cb398b574a4c0a9576946c2f6c28005c106f1542c2e3159529338180646d59192795be6378a80ab017ad24a38673d76b8c96f4a5fdfc6f18a6b09661939ed6c12836a3031a32c040181bc1518055d0abe7d98c8c0dac48e27afd378c20db13c0b5f4db1138403a9574413196f0b12d8646adbe236d9758a1c1b7d5de0a8663a59e9b6c79911dfe3786b30f7db54166fc9fc6a8d62de1a0c8efb6f63e1bc201f69db7a13c37868c827436d13a4dbc32d62e8fceda2749f93784d9b7a89f4db64c82757e3784fe2d23ac7876db2cd4749f7de1179280e3145a0ed91669f06f1d54ba1db0c266aeede17d4923bd52912525e3b62a9932cd1667bef05c911e5db5708791f4a236e126effb0cb6dbca302e07c6ef88b92f776db482fa0800b8ddf1e704edeeedb66f368e136ef08170178367a9b6ccf04f47aef08049560d70ef4320ed96f7143cad7cf6de360b049c0da6d6b04d3bc45a7136bbc620ac7de3d7b6d720121e49f439ef2bbd58e193468c741333695825a76896b0e0c0de72c336daf328649da24670301eefdd77ac2c477ebcebb3dfa2838b42bd8837ac3a5b6dc1b3cc6cf2ecb24e6d8769dec57684357a02ae26cd1e8b5e8c3df9ef7b045875163e9d765bd102596b40ca0203237ba084f32d3a50c93b2414b0731bfb79df33d08e4999f73d8d609a9f086735fb1cb7c85921b5b8348805108e0ec529921e51f31bee791b42c9967b10b8c1ea7e37d3c005eb715626634b196f66bcb61ec77d5f4b5a8407231e0f6a1784786b132383a3aec0ac733d7bebef6bfe588937977153b00118ae19d22cb9f8f17bfef83352e8fcefafbdaffbae25d444ab89c1ef48106f4623865e291b82f084fda66386767d37cb9305eac0529a26176070cff114110b830949e60b958f014fb523223a8b1edfb0809668ccc4e9464231313477bdf6a2630d4d4b56530381b2872ac5453c089b0361cfdf7b2b4cce9c30edb3df4a04815c98de9396234201a6d0e6396f4a5d898f3b3c6d24e347913e37a122f5571ebb4ce0f039f2a1104646e4de45a6308e1ab526072bb530277887e340849688c8eef8dcd6c7818d4b1b9fbded58adeb7b9ed93699df74fb540b67c6bf838eec027242f5e552303c77a52f6ac54ede837d442818b69c1a80b534fa38ee79e80980cbd0a9417cdb1efdaa440e50b7afb536aa556f5bddc7137d440e8d73e395320478a7bf9abfcb29b7a5fb6c48b9a8abc9b9fc2accd6e00eed61e35f86ae6386a7cd1902340782bb8d4f9a80b8dd28379577a0c164e8d43847047ef2a5f6ebca288e4ebe9347d9cd079a3e4cd19d9114606a3ed560139b96bb475e8a4965b57177b6815de252af87c9e55776692bd69b049a6cea518125c8c8fed2e14d75e73caa789ed139e7576fe95a318b9e2634b865f43950804446d131fd53d71bb7a7ce95445195595fe08a5a6bf2ea5016b93fa2dfac6d4c39f1fe16dccabc2d4a00411244c7f2b7f61619b814914bcaff000cace51ecb93e7f2834c7d4bd8f2ff000f68d6740d8fe374633c69139453abfc448167b37c47e11db6ccf02df31fc4cfad9cc0f8f1f8418d85cd7be7b7f1286cd92c658f6a1104646e7fc546055c0abd215717f8a8fae2f95dda3fc805b29d1f2f7fe2cdd622272c1f787f8f9ca27f8b6d292c9422e70a7a57ffd9, 8, 'USUARIO');

--
-- Índices para tablas volcadas
--

--
-- Indices de la tabla `decretos`
--
ALTER TABLE `decretos`
  ADD PRIMARY KEY (`Id`),
  ADD KEY `DocEntrada` (`DocEntrada`);

--
-- Indices de la tabla `departementos`
--
ALTER TABLE `departementos`
  ADD PRIMARY KEY (`Id`),
  ADD KEY `Institucion` (`Institucion`);

--
-- Indices de la tabla `destino`
--
ALTER TABLE `destino`
  ADD PRIMARY KEY (`Id`),
  ADD KEY `Miembro` (`Miembro`),
  ADD KEY `Decreto` (`Decreto`);

--
-- Indices de la tabla `entradas`
--
ALTER TABLE `entradas`
  ADD PRIMARY KEY (`Id`),
  ADD KEY `Referencia` (`Referencia`),
  ADD KEY `Usuario` (`Usuario`);

--
-- Indices de la tabla `instituciones`
--
ALTER TABLE `instituciones`
  ADD PRIMARY KEY (`Id`);

--
-- Indices de la tabla `ir`
--
ALTER TABLE `ir`
  ADD PRIMARY KEY (`Id`),
  ADD KEY `Salida` (`Salida`),
  ADD KEY `Seccion` (`Seccion`);

--
-- Indices de la tabla `miembros`
--
ALTER TABLE `miembros`
  ADD PRIMARY KEY (`Id`),
  ADD KEY `Dpto` (`Dpto`);

--
-- Indices de la tabla `personafisica`
--
ALTER TABLE `personafisica`
  ADD PRIMARY KEY (`Id`),
  ADD KEY `Entrada` (`Entrada`),
  ADD KEY `Salida` (`Salida`),
  ADD KEY `Decreto` (`Decreto`);

--
-- Indices de la tabla `proviene`
--
ALTER TABLE `proviene`
  ADD PRIMARY KEY (`Id`),
  ADD KEY `Entrada` (`Entrada`),
  ADD KEY `Seccion` (`Seccion`);

--
-- Indices de la tabla `referencias`
--
ALTER TABLE `referencias`
  ADD PRIMARY KEY (`Id`);

--
-- Indices de la tabla `salidas`
--
ALTER TABLE `salidas`
  ADD PRIMARY KEY (`Id`),
  ADD KEY `Referencia` (`Referencia`),
  ADD KEY `Usuario` (`Usuario`);

--
-- Indices de la tabla `usuarios`
--
ALTER TABLE `usuarios`
  ADD PRIMARY KEY (`Id`),
  ADD KEY `Dpto` (`Dpto`);

--
-- AUTO_INCREMENT de las tablas volcadas
--

--
-- AUTO_INCREMENT de la tabla `decretos`
--
ALTER TABLE `decretos`
  MODIFY `Id` int(20) NOT NULL AUTO_INCREMENT, AUTO_INCREMENT=14;

--
-- AUTO_INCREMENT de la tabla `departementos`
--
ALTER TABLE `departementos`
  MODIFY `Id` int(4) NOT NULL AUTO_INCREMENT, AUTO_INCREMENT=15;

--
-- AUTO_INCREMENT de la tabla `destino`
--
ALTER TABLE `destino`
  MODIFY `Id` int(15) NOT NULL AUTO_INCREMENT, AUTO_INCREMENT=10;

--
-- AUTO_INCREMENT de la tabla `entradas`
--
ALTER TABLE `entradas`
  MODIFY `Id` int(10) NOT NULL AUTO_INCREMENT, AUTO_INCREMENT=5;

--
-- AUTO_INCREMENT de la tabla `instituciones`
--
ALTER TABLE `instituciones`
  MODIFY `Id` int(5) NOT NULL AUTO_INCREMENT, AUTO_INCREMENT=4;

--
-- AUTO_INCREMENT de la tabla `ir`
--
ALTER TABLE `ir`
  MODIFY `Id` int(10) NOT NULL AUTO_INCREMENT, AUTO_INCREMENT=8;

--
-- AUTO_INCREMENT de la tabla `miembros`
--
ALTER TABLE `miembros`
  MODIFY `Id` int(4) NOT NULL AUTO_INCREMENT, AUTO_INCREMENT=9;

--
-- AUTO_INCREMENT de la tabla `personafisica`
--
ALTER TABLE `personafisica`
  MODIFY `Id` int(20) NOT NULL AUTO_INCREMENT, AUTO_INCREMENT=5;

--
-- AUTO_INCREMENT de la tabla `proviene`
--
ALTER TABLE `proviene`
  MODIFY `Id` int(10) NOT NULL AUTO_INCREMENT, AUTO_INCREMENT=4;

--
-- AUTO_INCREMENT de la tabla `referencias`
--
ALTER TABLE `referencias`
  MODIFY `Id` int(5) NOT NULL AUTO_INCREMENT, AUTO_INCREMENT=4;

--
-- AUTO_INCREMENT de la tabla `salidas`
--
ALTER TABLE `salidas`
  MODIFY `Id` int(10) NOT NULL AUTO_INCREMENT, AUTO_INCREMENT=8;

--
-- AUTO_INCREMENT de la tabla `usuarios`
--
ALTER TABLE `usuarios`
  MODIFY `Id` int(5) NOT NULL AUTO_INCREMENT, AUTO_INCREMENT=4;

--
-- Restricciones para tablas volcadas
--

--
-- Filtros para la tabla `decretos`
--
ALTER TABLE `decretos`
  ADD CONSTRAINT `decretos_ibfk_1` FOREIGN KEY (`DocEntrada`) REFERENCES `entradas` (`Id`);

--
-- Filtros para la tabla `departementos`
--
ALTER TABLE `departementos`
  ADD CONSTRAINT `departementos_ibfk_1` FOREIGN KEY (`Institucion`) REFERENCES `instituciones` (`Id`);

--
-- Filtros para la tabla `destino`
--
ALTER TABLE `destino`
  ADD CONSTRAINT `destino_ibfk_1` FOREIGN KEY (`Miembro`) REFERENCES `miembros` (`Id`),
  ADD CONSTRAINT `destino_ibfk_2` FOREIGN KEY (`Decreto`) REFERENCES `decretos` (`Id`);

--
-- Filtros para la tabla `entradas`
--
ALTER TABLE `entradas`
  ADD CONSTRAINT `entradas_ibfk_1` FOREIGN KEY (`Referencia`) REFERENCES `referencias` (`Id`),
  ADD CONSTRAINT `entradas_ibfk_2` FOREIGN KEY (`Usuario`) REFERENCES `usuarios` (`Id`);

--
-- Filtros para la tabla `ir`
--
ALTER TABLE `ir`
  ADD CONSTRAINT `ir_ibfk_1` FOREIGN KEY (`Salida`) REFERENCES `salidas` (`Id`),
  ADD CONSTRAINT `ir_ibfk_2` FOREIGN KEY (`Seccion`) REFERENCES `departementos` (`Id`);

--
-- Filtros para la tabla `miembros`
--
ALTER TABLE `miembros`
  ADD CONSTRAINT `miembros_ibfk_1` FOREIGN KEY (`Dpto`) REFERENCES `departementos` (`Id`);

--
-- Filtros para la tabla `personafisica`
--
ALTER TABLE `personafisica`
  ADD CONSTRAINT `personafisica_ibfk_1` FOREIGN KEY (`Entrada`) REFERENCES `entradas` (`Id`),
  ADD CONSTRAINT `personafisica_ibfk_2` FOREIGN KEY (`Salida`) REFERENCES `salidas` (`Id`),
  ADD CONSTRAINT `personafisica_ibfk_3` FOREIGN KEY (`Decreto`) REFERENCES `decretos` (`Id`);

--
-- Filtros para la tabla `proviene`
--
ALTER TABLE `proviene`
  ADD CONSTRAINT `proviene_ibfk_1` FOREIGN KEY (`Entrada`) REFERENCES `entradas` (`Id`),
  ADD CONSTRAINT `proviene_ibfk_2` FOREIGN KEY (`Seccion`) REFERENCES `departementos` (`Id`);

--
-- Filtros para la tabla `salidas`
--
ALTER TABLE `salidas`
  ADD CONSTRAINT `salidas_ibfk_1` FOREIGN KEY (`Referencia`) REFERENCES `referencias` (`Id`),
  ADD CONSTRAINT `salidas_ibfk_2` FOREIGN KEY (`Usuario`) REFERENCES `usuarios` (`Id`);

--
-- Filtros para la tabla `usuarios`
--
ALTER TABLE `usuarios`
  ADD CONSTRAINT `usuarios_ibfk_1` FOREIGN KEY (`Dpto`) REFERENCES `departementos` (`Id`);
COMMIT;

/*!40101 SET CHARACTER_SET_CLIENT=@OLD_CHARACTER_SET_CLIENT */;
/*!40101 SET CHARACTER_SET_RESULTS=@OLD_CHARACTER_SET_RESULTS */;
/*!40101 SET COLLATION_CONNECTION=@OLD_COLLATION_CONNECTION */;
